﻿<?xml version="1.0" encoding="utf-8"?><meta xmlns:xsi="http://www.w3.org/2001/XMLSchema-instance" xmlns:xsd="http://www.w3.org/2001/XMLSchema"><project id="6rJAoCXFxlv" courseid="5fI6dIuPfaR_course_id" thumburl="story_content/thumbnail.jpg" title="pen_changduongdaqua" datepublished="2019-05-02T21:19:23" version="1.0.0.0" flashdata="story_content/data.swf" html5data="mobile/data.json" mobiledata="mobile/data.gz" enabledownload="true" duration="About 2 minutes" totalaudio="0" totalvideo="26385"><description>Created by FasterCourse</description><keywords /><slidemeta moniker="slide" monikerplural="slides" viewslides="15" slidecountdescription="15 slides" /><author name="Ieva Novitus" email="" website="" /><application name="Articulate Storyline" version="3.5.16548.0" xmlversion="4.0" /></project></meta>