﻿<?xml version="1.0" encoding="utf-8"?><bwFonts xmlns:xsi="http://www.w3.org/2001/XMLSchema-instance" xmlns:xsd="http://www.w3.org/2001/XMLSchema" fontfactoryurl="story_content/FontFactory.swf"><font id="00" name="Century GothicBold Charset1_ 6ZvT074OfMz"><glyphs><g i="0" c="384" charCode="89" p="%^Nw2esA2eNDuk6H2eJK2euFdouF$v2C$v2Cdo" /><g i="1" c="385" charCode="111" p="#^WDniOFnisHjj6Jfk1KTlZKunZKlpZKer1KTs5JvuuHqvTFlwXDlw4Blw2zju1xhs1xnp1xfmjzbkjBniWDni^_DwlqCwloBBmmAGnmAmpmA5rnBaspCftZDftxFftzGasCH4rCHmpCHFnAGBmzFwl_Dwl" /><g i="2" c="386" charCode="117" p="#^GxJi%2BJi%2B7p2B_qiBJrzBrs7CRsICftxDftmEftXESsxFssPFHr0G6r0Gep%0GJi%lJJi%lJlolJQrOI6t7IGuPGwvwFlwvDlwjBlwYznvCyou3yEsGxrrGxfo" /><g i="3" c="387" charCode="32" p="#" /><g i="4" c="388" charCode="109" p="#^FxJi%_AJi%_AfkRBijTCRiWDni9FnipGnipH_ipIBj0JMkPJBjZK_i7MnivNniVOni_P1j3RHjxRLk$RPl$Rco%$R$v%EO$v%EOgpEO$m4OcmwNploMplyLplSKUlbKnmSJfnxJ6oxJ$p%xJ$v%aG$v%aGzpaGNnVF_mEFbm6FOlBEplRDpl0DplkCVlFBomjBhn_Aao_A5q%_A$v%Fx$v" /><g i="5" c="389" charCode="115" p="#^PFAk%LDEmvColtBolWAolBADlhASlhAdmhAumuAJmHAXmtBkn%ICXnDEUolFUp3GTq3Gcs3GZtME9vtDlwhBlwnylwEw3u%HyQrhzws3AXsRAmtsBmt6CmtwC2tWCJsWCjsWCyrtBPq%lAfq7xDo7xbm7xCkkyvjyznirBniKCniTDYi0FwjPFAk" /><g i="6" c="390" charCode="116" p="%^4yQdpBQdpBJioDJioDBlpBBlpB$v4y$v4yBlnwBlnwJi4yJi" /><g i="7" c="391" charCode="99" p="#^HKol%VHWm7H6mmGOlBFtlAEtlICtlyBBmoAInoAspoA8rvBdsDCitqEitGGitWHMr%yKztpIlwwElw$Alw0zgu1xbs1xpp1xun$xSlZyekHAjjqCnizEnixGni6IajHJYjHKol" /><g i="8" c="392" charCode="112" p="#^$AJi%$AbkVBhjYCQi$DnibFniOHniCJlkqLjmqLopqLlsyJluGHlw5FlwYDlwYCXvZBxv$ABu%$ASA%HxSA%HxJi^vEslWCslUBxmSACnSAlpSA6rUBcsWCitvEit0Git2Hbs5I4r5Ilp5IEn3Hym2GslvEsl" /><g i="9" c="393" charCode="108" p="%^jxBdEABdEA$vjx$v" /><g i="10" c="394" charCode="101" p="#^_Kkq%hAkqwAKrwBAsxCpt5EptYFptiH6s%6Kqt3JWuBHEv7Glw6Elw$Alw1znu3xps3xrp3xom0zok_AniXDni3Hni1Jok$Kom$KHp^FHInkHBmlGUlnFbl5EblICblEBZl_AtmqAIn" /><g i="11" c="395" charCode="104" p="#^IxBd%0BBd%0B3k_BdjZCOiZDni_EniYGnijILjtJWktJdn%tJ$v%bG$v%bGaqbGSnZF2nLFemdFQlHEqlVDqlUCql9C5mrBMm9BWn0Bxo0BFq%0B$v%Ix$v" /><g i="12" c="396" charCode="113" p="#^uHJi%PKJi%PKSA%uHSA%uHBuwGxvxFXvyElwpDlwQAlwYylu4xls4xop4xjmUylkIAnijDnivEniyFQiBGhjuHbk^_DslrCslqBympAEnpAlppA4rrBbsuCit$DitzFitBGcsDH6rDHlpDHCnBGxmzFsl_Dsl" /><g i="13" c="397" charCode="105" p="#^_yfdSzfduAUd6Bwe6Bqf6BjguAYgTzAh$yAh6yAhuxXgSwigSwnfSwvetxTd5yfd_yfd^jxJi%EAJi%EA$v%jx$v" /><g i="14" c="398" charCode="110" p="#^HxJi%0BJi%0B4k9C7j3DLi_DniYEniXGnijILjtJWktJdn%tJ$v%aG$v%aGbqaGOnYF0nLFemdFQlHEqlVDqlUCql9C6mrBNm9BZn0BBo0BGq%0B$v%Hx$v" /><g i="15" c="399" charCode="98" p="#^$ABd%$AbkVBhjYCQi$DnibFniOHniCJlkqLjmqLopqLlsyJluGHlw5FlwYDlwYCXvZBxv$ABu%$A$v%Hx$v%HxBd^vEslWCslUBxmSACnSAlpSA6rUBcsWCitvEit0Git2Hbs5I4r5Ilp5IEn3Hym2GslvEsl" /><g i="16" c="400" charCode="102" p="#^5wJi%hxJiix6gmxDfvxxehyUd4zfdwAfdyBfdSCKd%SCgg8C3gGB3g5B3gPAjgDAugDA3h%CAJi%JCJi%JCxl%CAxl%CA$v%hx$v%hxxl%5wxl" /><g i="17" c="401" charCode="114" p="#^VwJi%MzJi%MzokeApj$AUiMBniGCnikDni1EJi%$CBlpCil1CilgBilKAfmcAcncA_p%dADq%dA$v%Vw$v" /><g i="18" c="403" charCode="103" p="#^uHJi%PKJi%PK5uPKtxsJ2zEHcB_DcB1CcBHAJAmzeAryhzxxly5x_w%MA_wfByx0CQxOC6yRD6ybF6y$FHxPGhx8HDwuHZvuHmuCGevEFDvHE$vtD$vOA$vYy4u6x8s6xbp6x1m3z6kQAnihDniqEnirFOisGdjuHbk^1EultCulrBymqABnqAcpqASqtBWrwC_s5E_sEF_sEGYrFHVqFHdpFHznEGxmEFul1Eul" /><g i="19" c="404" charCode="46" p="#^vzwsiAwsSA4tqBDtqBquqBdvSANviAlwvzlwJylw9yNvBxdvBxquBxDt9y4tJywsvzws" /><g i="20" c="405" charCode="69" p="%^3y2eSH2eSHohsBohsBEkSHEkSHWnsBWnsBEsSHEsSH$v3y$v" /><g i="21" c="406" charCode="121" p="%^cwJiCzJi2D1rRGJihKJiZBSAwySAfB$u" /><g i="22" c="407" charCode="97" p="#^uHJi%PKJi%PK$v%uH$v%uHBuwGxvxFXvyElwpDlwQAlwYylu4xls4xop4xjmUylkIAnijDnivEniyFQiBGhjuHbk^_DslrCslqBympAEnpAlppA4rrBbsuCit$DitzFitBGcsDH6rDHlpDHCnBGxmzFsl_Dsl" /><g i="23" c="408" charCode="100" p="#^uHBd%PKBd%PK$v%uH$v%uHBuwGxvxFXvyElwpDlwQAlwYylu4xls4xop4xjmUylkIAnijDnivEniyFQiBGhjuHbk^_DslrCslqBympAEnpAlppA4rrBbsuCit$DitzFitBGcsDH6rDHlpDHCnBGxmzFsl_Dsl" /><g i="24" c="409" charCode="119" p="%^dwJitzJi9Chq1FJi1HJiRJbqwMJiNPJiYK$vQI$v$Fro5D$v$A$v" /><g i="25" c="410" charCode="58" p="#^vzniiAniSAXiqBvjqBikqB4lSAEliAcmvzcmJycm9yFlBx5lBxikBxvj9yXiJynivzni^vzwsiAwsSA4tqBDtqBquqBdvSANviAlwvzlwJylw9yNvBxdvBxquBxDt9y4tJywsvzws" /><g i="26" c="411" charCode="83" p="#^uHug%YEJiCDSgeCSgzBSg7BdhIAAhIA1iIAui0BUiqBqjwDbltFQmUFgnWGjomHgpOHdqOHmrOHAtgG0vKEswhCswmAswXywvwxAuvwzs%nzQqGActmCcteDctQDHsrEasrEvrrEUq_DhqxDGp_Bqo3z1mcyKklxqjlx8ilxggMyXebABdhCBdDDBdREde3GReuHug" /><g i="27" c="412" charCode="66" p="#^2y$v%2y2e%TA2ekD2etEme5GOe2HYf$H6h$HHi$HJjzHzk7Hol8G7mNHUmxI2oiJbpiJMqiJhswIxtKHMuvGovgF$v4D$v^tBjh%tB5l%dC5ltD5l4EAkHE2kHE8jHEii6EPhxDjhmCjh^tB8o%tBKs%kCKssEKsbFcsXFFrXFEqXFup3FPocE8oaC8o" /><g i="28" c="413" charCode="84" p="%^hw2ecG2ecGqhXCqhXC$vtz$vtzqhhwqh" /><g i="29" c="414" charCode="120" p="%^vwJimAJi_ClmCFJiqJJiVEZo$J$v7G$vZCErQz$v0w$v3B0p" /></glyphs></font><font id="10" name="Century Gothic Charset1_ 5mY2fnSaYXm"><glyphs><g i="0" c="384" charCode="79" p="#^KGBdPKBdzNjgjQ1jjQ0njQYqzNItQKswTGswUCsw8AJtox_qox6noxwkEyjiUz5g2CRedEBdKGBd^PGlfQElf1DogfBqhfAbjfzXkfz5nfziqtBvsHDIuPGIuVIIuHKHttMGssNWqsO9psO0nsOTksN9jtMqhFKogRIlfPGlf" /><g i="1" c="385" charCode="75" p="%^by2e0A2e0AOkcH2eBJ2e_A6mhK$vSH$v0AFn0A$vby$v" /><g i="2" c="386" charCode="67" p="#^VOmh%uNsijMXgGK9g1Jmf4HmfWEmf5DoggBqhfAajfzVkfz4nfzmqvBzsLDLubHLuYKLuuNOr%VOTszNAuyLwvyJsw4HswmCswEzjtmxGqmxWmmx_i7AigUCBd2HBdzJBdALBeCNAfVOmh" /><g i="3" c="387" charCode="111" p="#^bEnigHnihJBk6LDm6Lop6LbsaJgueHlwbElw8BlwczgugxbsgxopgxEm5zCk6BnibEni^bE2k3C2kxADl$ycn$yrp$yTqHz7soAmtAB2uMCJubEJuCFJuOG2u_HmtGI7snJTqnJrpnJcnQHDliG2kbE2k" /><g i="4" c="388" charCode="114" p="#^gxJi%0zJi%0zFkOzwjFAYiwBnisCniaDniZDQi%4DgkyC1kaC1kkB1kxAKkLzrlkzVm0z2o0zvr%0z$v%gx$v" /><g i="5" c="389" charCode="101" p="#^6JBr%yKlsRJLtVICu_HsvPGVvFFlwbElwXAlw5zdugx4sgxopgxTmPyUkNAni5EniuHniwJYkYKNm_Kvp%$yvp2zPruAitWBMu1EMu2FMu$FquZG3uEHutkIUs6JBr^6J0oMIFm6IRlsH0lnGwkiF0k6E0k8C0kKAglIzbmaz0o" /><g i="6" c="390" charCode="99" p="#^OKtl%rJjmHH_jEE_jdC_jCAyl$y6n$ylp$yOqKz4suAltMB3u3DMuFEMuAHMurJrs%OKktRJMueIzvDGlwAElwqBlwlzlugxlsgxtpgxyneyUlczekVAjjCCniIEni1GnifHNiuIajlJQjcKtkOKtl" /><g i="7" c="391" charCode="116" p="%^ozNd5BNd5BJiODJiODck5Bck5B$voz$vozck3xck3xJiozJi" /><g i="8" c="392" charCode="73" p="%^Wx2eJz2eJz$vWx$v" /><g i="9" c="393" charCode="110" p="#^VxJi%CzJi%Cz5lEAKjTB3j7DniBEni4GnieH8joIUjXIaluJsmuJ9p%uJ$v%NH$v%NHGpNHnnBHCmiHhlsGDkCFYjfEYjICYjtB_kfA$lSzwnCzvoCz7r%Cz$v%Vx$v" /><g i="10" c="394" charCode="119" p="%^6wJiTxJiXBmsbGJivGJiLKmsVOJiGQJiWK$vBK$vlGum6C$vNB$v" /><g i="11" c="395" charCode="104" p="#^VxBd%CzBd%Cz5lEAKjUB3j8DniBEni4GnieH8joIUjXIaluJrmuJ9p%uJ$v%NH$v%NHGpNHnnBHCmhHhlrGDkCFYjfEYjICYjtB_kfA$lSzwnCzvoCz7r%Cz$v%Vx$v" /><g i="12" c="396" charCode="105" p="#^uyfd3zfdtzGdUz4eUzFeUzeftzFf3z3guy3gWx3gvxFf5xef5xFe5x4evxGdWxfduyfd^ExJi%lzJi%lz$v%Ex$v" /><g i="13" c="397" charCode="72" p="%^9y2eYz2eYzzl5Jzl5J2eUK2eUK$v5J$v5JknYzknYz$v9y$v" /><g i="14" c="398" charCode="103" p="#^mJJi%3LJi%3Lit3L5wAKoxVJdzeIcAAGcBfEcByCcBaBJAPzeAYyqz6yCyox1x%fz1x$zmycB_ypCDzaEDzWFDz7HZykIkyRIlxmJmwmJ9u%mJttoIHu$GlvCF$v2E$vcC$vBA5v_ybu5yFsdx6rdxgpdxqn7yQl2zekGAjjiCni5EniAFniSG$i9ICjmJ1l^jE0kSC0kCBJknAqlFzGmYyVnYylpYyxrpAZsTBoudEouzGou$H_srJzrrJfprJLnNIAm7IolVGIkIF0kjE0k" /><g i="15" c="399" charCode="32" p="#" /><g i="16" c="400" charCode="108" p="%^ExBdlzBdlz$vEx$v" /><g i="17" c="401" charCode="234" p="#^6JBr%yKlsRJLtVICu_HsvPGVvFFlwbElwXAlw5zdugx4sgxopgxTmPyUkNAni5EniuHniwJYkYKNm_Kvp%$yvp2zPruAitWBMu1EMu2FMu$FquZG3uEHutkIUs6JBr^6J0oMIFm6IRlsH0lnGwkiF0k6E0k8C0kKAglIzbmaz0o^kDad%0Fad%zIjg%mGjg%dEse%$Bjg%Izjg" /></glyphs></font><font id="20" name="UTM American Sans Charset1_ 6AQLrv1Li9Q"><glyphs><g i="0" c="256" charCode="83" p="#^8HTh9FQgQDQg4DQgvCbhQBAhQBhiQB$iCCDjGDskLEgl$FimDGdnqHooqHXpqHlsKFeuODkwvAkwvykw$vxv%$viqEwWqLxmrTyOrRzOrJAOrfBqrWBYqWBcqWBnpcBJoJAfoBzunuyJm$xim8wEk8w8i8wHgQwnfnyqcxC9cLE$b8HIc" /><g i="1" c="257" charCode="101" p="#^nIIp%pAIppA4rpBQriCtsLDts9GtsNH2r%NHavFFawfDaw7AawcypuWvhs$v2o4wBkfyEi2A4hnC2h%nC2hsF0h0HdjqIalqIvoqI6pnIIp^iEJmeESlFDkl4DOkiCMkyBMkZAjlpASlkAJm" /><g i="2" c="260" charCode="108" p="%^gA$v$v$v$vrcgArc" /><g i="3" c="261" charCode="99" p="#^IFtvsEawICawlzawAxTt2wWr2wLo2wumTwOkJx$ioz0iZA4hQC4hiE4hBFIh%BFulvEQknDQk4CQkfBJllALmkAIokACqkBDrcCvsyDvsOEvsIFNr" /><g i="4" c="262" charCode="116" p="#^RDVvOC5wRB5wQz5wFy6vux7uuxfs%uxtk%$vtk%$vfh%uxfh%uxde%OBGc%OBfh%DDfh%DDtk%OBtk%OBfrOBssRCssfDssRDhs" /><g i="5" c="263" charCode="32" p="#" /><g i="6" c="264" charCode="97" p="#^pH$v%1D$v%1DhvNB4wuA4wIy4wqxLu9wqt$vqr%$vqrTv2pqxxnTy5m1B5m3C5m1Dum1DglRC4llCskSAskqyskqxBl%qxNhmzWgNBWgaEWgFFThpH$ipHgl^$CWr%$CZpUCDpwCpp9CapJBcp4BdpDAJpaAdqaAYqaAGrDAbs4BHsJBIsJCLs$CWr" /><g i="7" c="265" charCode="104" p="#^HH$v%oD$v%oDpmoDDlVCblqCLkOBMkxAOkgAlm%gA$v%$v$v%$vrc%gArc%gAYhuADhnBjhhC$gkD$g9F$giG0iHHjjHH_l" /><g i="8" c="266" charCode="114" p="#^CDgloCclvBJlJA9msA_mgAyngAGo%gA$v%$v$v%$vfh%gAfh%gAKiJA5iHBFhFCchCDbh" /><g i="9" c="267" charCode="87" p="%^cSrcWO$vNI$v4H9msF$v7z$v$vrc_ArcoCsn2ErcIJrcvLcn$Mrc" /><g i="10" c="270" charCode="82" p="#^8K$v%CE$v%9Ckq%UAkq%UA$v%$v$v%$vrc%YCrc4GrcVHceMJ0gMJajMJVkZIrmaIYnTGUo^FEtjFEsi4ENhoD0h6C0h%UA0h%UATl%6CTlCETlFEtj" /><g i="11" c="271" charCode="73" p="%^TA$v$v$v$vrcTArc" /><g i="12" c="274" charCode="84" p="%^pIbhwEbhwE$vFz$vFzbh$vbh$vrcpIrc" /><g i="13" c="275" charCode="69" p="%^OG$v$v$v$vrcIGrcIGbhUAbhUAYjtGYjtGvoUAvoUAkrOGkr" /><g i="14" c="276" charCode="89" p="%^qMrcGG9pGG$vNB$vNB9p1wrcQBrcfEDjTGrc" /><g i="15" c="277" charCode="79" p="#^$Mdm_M6rVKHtLIkwvEkw8whw$vdmWvph6yMeiA7cvE7cII7cSKMe1Nph$Mdm^SHdmTHYgvEYgRCYg$Bki9BHjaBdmdBtrvEvr%vEvrOHwrSHdm" /><g i="16" c="278" charCode="85" p="#^BJIqBJntsHYuvFmwJCkw_zjw5yVu$vlt$vJq%$vrc%WArc%WAopWAirRCirFEkrFElp%FErc%BJrc" /><g i="17" c="279" charCode="78" p="%^VK$vsF$v_Aml_A$v$v$v$vrc6CrcKFMlKFrcVKrc" /><g i="18" c="280" charCode="65" p="#^IJ$v%wE$v%wEws%_Aws%_A$v%$v$v%$vKi$vZfUx3eOz9cJCacIFccIHceIJcgIJ8j^wE6o%wEfjwEqi0ENhwD8hJC8hWB8hsBOh_Asi_Afj%_A6o" /><g i="19" c="281" charCode="77" p="%^sQ$vsL$vsL4jEI$vND$v_A4j_A$v$v$v$vrcaErcfGFnGIrcsQrc" /><g i="20" c="282" charCode="68" p="#^WKfmVKUqKIstAG$vzC$v%$v$v%$vrc%CCrcEGrcOI0fYKBhWKfm^LFdmLFNjUEsi2E7hqC7h%UA7h%UAlr%qClrLFlrLFdm" /><g i="21" c="283" charCode="105" p="#^IAheIApf4A7gszRgnyRggxRgEw7g1wpf1whe1wadEwscgxJbnyIb%nyIbszIb4ArcIAadIAhe^vA$v%dw$v%dwfh%vAfh" /><g i="22" c="284" charCode="117" p="#^KH$v%tD$v%tD4vdDvvlCOvuB5wsA4wIy2wsxTu$vwt$vir%$vfh%iAfh%iAJqiAwrMA0sfBvsTBvsaDvssDLq%sDfh%KHfh" /><g i="23" c="285" charCode="121" p="#^LHywLH$yHFiAUDqBaBqBpyqBxwnA%xwswmy$xYA$xtD$xtDkw%tD7vfDvvwCMvNB1wRA1wVy1wBxTu$vst$vzq%$vfh%lAfh%lAIqlAtrPAZriBtsWBtscDtstDJq%tDfh%LHfh" /><g i="24" c="286" charCode="7875" p="#^nIIp%pAIppA4rpBQriCtsLDts9GtsNH2r%NHavFFawfDaw7AawcypuWvhs$v2o4wBkfyEi2A4hnC2h%nC2hsF0h0HdjqIalqIvoqI6pnIIp^iEJmeESlFDkl4DOkiCMkyBMkZAjlpASlkAJm^FEz8mFf89Gf8iHf83IT8RIu9RIwaRInbkI6cNHScYG6d%YGBd%nFBd%nF2c7G1cuGEbOGkbOGRaOGraDGeamGY9PFY9cFY9FEga^yG5g%UD5g%oCTd%VA5g%dy5g%2Brc%KDrc" /><g i="25" c="287" charCode="110" p="#^GH$v%nD$v%nDnmnDDlVCblrCLkQBLkvALkdAnm%dA$v%$v$v%$vfh%dAfh%dAcisAOhhBwh6Ceh6Dfh$EkhbGhiGHxjGH5m" /><g i="26" c="288" charCode="226" p="#^pH$v%1D$v%1DhvNB4wuA4wIy4wqxLu9wqt$vqr%$vqrTv2pqxxnTy5m1B5m3C5m1Dum1DglRC4llCskSAskqyskqxBl%qxNhmzWgNBWgaEWgFFThpH$ipHgl^$CWr%$CZpUCDpwCpp9CapJBcp4BdpDAJpaAdqaAYqaAGrDAbs4BHsJBIsJCLs$CWr^cG5g%zD5g%3CTd%yA5g%Tx5g%IArc%nDrc" /><g i="27" c="289" charCode="118" p="%^LIfh9F$vBz$v$vfhyAfhnCRqeEfh" /><g i="28" c="290" charCode="7853" p="#^pH$v%1D$v%1DhvNB4wuA4wIy4wqxLu9wqt$vqr%$vqrTv2pqxxnTy5m1B5m3C5m1Dum1DglRC4llCskSAskqyskqxBl%qxNhmzWgNBWgaEWgFFThpH$ipHgl^$CWr%$CZpUCDpwCpp9CapJBcp4BdpDAJpaAdqaAYqaAGrDAbs4BHsJBIsJCLs$CWr^cG5g%zD5g%3CTd%yA5g%Tx5g%IArc%nDrc^oDAzoDgATCNAnCiBFBiB%FBiBWAiBpANAUzgAUzAzUzRypAkyWAPxFBPxnCPxTCkyoDRyoDAz" /><g i="29" c="291" charCode="111" p="#^BIQkpJvmpJFopJOrNHQtRFbwFCbw%FCbwAzbwDxOt1wOr1wFo1wumQwQkGx4jiz4iRA7hFC7hvE7h2G4iLH2jBIQk^7FIo7FYmpEVlKDWkFCWkDBWkYAYliA_mgAIogAlqXAnrDBpsFCpsIDpsqEor9Fnq7FIo" /><g i="30" c="292" charCode="7887" p="#^BIQkpJvmpJFopJOrNHQtRFbwFCbw%FCbwAzbwDxOt1wOr1wFo1wumQwQkGx4jiz4iRA7hFC7hvE7h2G4iLH2jBIQk^7FIo7FYmpEVlKDWkFCWkDBWkYAYliA_mgAIogAlqXAnrDBpsFCpsIDpsqEor9Fnq7FIo^bB4bUBMaHCMaRDMaCEobnF$bnF1dnFUdSEDejEnfuDDf%uD6g%VB6g%VBzeGCye0D9ekDRdkDmdkDXc9DLcUCtclCtcKBtcbBNc" /><g i="31" c="293" charCode="7897" p="#^BIQkpJvmpJFopJOrNHQtRFbwFCbw%FCbwAzbwDxOt1wOr1wFo1wumQwQkGx4jiz4iRA7hFC7hvE7h2G4iLH2jBIQk^7FIo7FYmpEVlKDWkFCWkDBWkYAYliA_mgAIogAlqXAnrDBpsFCpsIDpsqEor9Fnq7FIo^UG5g%eE5g%JCTd%dB5g%xy5g%oBrc%1Erc^sEAzsEgAXDNArDiBJCiB%JCiB_BiBtBNAYAgAYAAzYARytBky_BPxJCPxrDPxXDkysERysEAz" /><g i="32" c="294" charCode="72" p="%^tJ$vyE$vyE$qUA$qUA$v$v$v$vrcUArcUAdmyEdmyErctJrc" /><g i="33" c="295" charCode="432" p="#^xIShxIpi7IOiKHbjaHbj%aHbjBGbjbGOiOFpiOFShOFihbGUgBGugaHugKHug7IUgxIihxISh^KHHj%KH$v%tD$v%tD4vdDvvlCOvuB5wsA4wIy2wsxTu$vwt$vir%$vfh%iAfh%iAJqiAwrMA0sfBvsTBvsaDvssDLq%sDfh%mFfhhFxhhFShhFEiRFcjpGLjdHLjuHLjKHHj" /><g i="34" c="298" charCode="7899" p="#^7FIo7FYmpEVlKDWkFCWkDBWkYAYliA_mgAIogAlqXAnrDBpsFCpsIDpsqEor9Fnq7FIo^eFrc%fDcg%aBcg%cCrc^GIShGIpigIOiTHbjjHbj%jHbjLGbjlGOiYFpiYFShYFihlGUgLGugjHugTHuggIUgGIihGISh^VHHjjIckBIQkpJvmpJFopJOrNHQtRFbwFCbwAzbwDxOt1wOr1wFo1wumQwQkGx4jiz4iRA7hFC7h7E7hqFKh%qFShqFEiZFcjxGLjmHLjEHLjVHHj" /><g i="35" c="299" charCode="103" p="#^BImvBIqylG9ApEFBABFB4zFBmxvA%mxbw1y4x7zAxdA5ylB5yFC5ysDsxlEJwkEqv%kEqv%kE7v$C4wAB4wVy4wkxAtZvqr$vCo1wilxxdj2z8hsB8hNB8h6CbhFDnhkE5i%kEfh%BIfh^kEOp%kErnZDclnCclnAallAAokAYrnCYrZDYrkEOp" /><g i="36" c="300" charCode="107" p="%^HH$vJC$vgAZqgA$v$v$v$vrcgArcgAJllCfhWGfhtDAn" /><g i="37" c="301" charCode="225" p="#^pH$v%1D$v%1DhvNB4wuA4wIy4wqxLu9wqt$vqr%$vqrTv2pqxxnTy5m1B5m3C5m1Dum1DglRC4llCskSAskqyskqxBl%qxNhmzWgNBWgaEWgFFThpH$ipHgl^$CWr%$CZpUCDpwCpp9CapJBcp4BdpDAJpaAdqaAYqaAGrDAbs4BHsJBIsJCLs$CWr^zErc%ACcg%vAcg%xBrc" /><g i="38" c="302" charCode="75" p="%^QJ$v7E$vUARoUA$v$v$v$vrcUArcUAYjeErcaJrcGE2m" /><g i="39" c="303" charCode="7889" p="#^BIQkpJvmpJFopJOrNHQtRFbwFCbw%FCbwAzbwDxOt1wOr1wFo1wumQwQkGx4jiz4iRA7hFC7hvE7h2G4iLH2jBIQk^7FIo7FYmpEVlKDWkFCWkDBWkYAYliA_mgAIogAlqXAnrDBpsFCpsIDpsqEor9Fnq7FIo^AJx9%BHhd%wFhd%yGx9^UG5g%eE5g%JCTd%dB5g%xy5g%oBrc%1Erc" /><g i="40" c="304" charCode="7879" p="#^nIIp%pAIppA4rpBQriCtsLDts9GtsNH2r%NHavFFawfDaw7AawcypuWvhs$v2o4wBkfyEi2A4hnC2h%nC2hsF0h0HdjqIalqIvoqI6pnIIp^iEJmeESlFDkl4DOkiCMkyBMkZAjlpASlkAJm^yG5g%UD5g%oCTd%VA5g%dy5g%2Brc%KDrc^bEAzbEgAGDNAaDiBrCiB%rCiBJBiBcBNAHAgAHAAzHARycBkyJBPxrCPxaDPxGDkybERybEAz" /><g i="41" c="305" charCode="112" p="#^AIooBIKrYGVtkF4wTC4wCC4wkC1w%kC1w7BVvgAiv%gArB%$vrB%$vfh%gAfh%gA8iUAshvCfhRCehaDehBFeh3HbjyI8lAIoo^fECofEclcCclCAclgAsn%gAQpDA$rcC$rfE$rfECo" /><g i="42" c="306" charCode="119" p="%^kOfhVL$vsG$veFgnUD$vsy$v$vfhoAfhuB7qOCfhyHfhSI7qWJfh" /><g i="43" c="307" charCode="100" p="#^AI$v%nE$v%kEbvtD4wTB4wBz4wSx$t1wQr$vFo%$vFoZvmlBxhjdzbhGBbh_BbhfCchoDkhkEWh%kErc%AIrc^kEOp%kErnZDflnCflkAfllAFolA3snC2sZD0skEOp" /><g i="44" c="308" charCode="115" p="#^yEglICnkFBxkuAIkuABluA7m4BBmUBdnJCRnFDDo9EkpLEdqLEorLEctsDBuZBbwszbwWxbw$vBv%$vFrtw6slxssdyNs$yNsFzNs1AvsyA9syAAryAZq_zsq7zTpxxDo5won5wul5wnkDwnjQx8h$AYgICRgyEnh" /><g i="45" c="309" charCode="109" p="#^dP$v%VK$v%VKrmVKBlpKblWJMkfJQkNHVkNHvm%NH$v%oD$v%oDrmoDDlYC8lzCLkWBLkkBJkRA9lnAAlgApm%gA$v%$v$v%$vfh%gAfh%gA8ivALhgBvh1CehYCehtFehNG1jhHeiiILhjJfhsKfhoMfhJNmidPEjdP1m" /><g i="46" c="310" charCode="45" p="%^pEun$vun$v_kpE_k" /><g i="47" c="311" charCode="249" p="#^KH$v%tD$v%tD4vdDvvlCOvuB5wsA4wIy2wsxTu$vwt$vir%$vfh%iAfh%iAJqiAwrMA0sfBvsTBvsaDvssDLq%sDfh%KHfh^iDcg%dBcg%fzrc%hCrc" /><g i="48" c="312" charCode="273" p="#^kEOp%kErnZDflnCflkAfllAFolA3snC2sZD0skEOp^kEXd%kErc%AIwb%AI$v%nE$v%kEbvtD4wTB4wBz4wSx$t1wQr$vFoZvmlBxhjdzbhGBbhZBbhfCchoDkhkEWh%kEig%DBig%DBXd" /><g i="49" c="313" charCode="95" p="%^RKqx$vqx$v$vRK$v" /><g i="50" c="314" charCode="46" p="%^dA$v$v$v$vwrdAwr" /><g i="51" c="315" charCode="88" p="%^aMrcGHOl5M$v7G$v6E6qUB$v4w$vIAVl$vrcUBrc9ELh7Grc" /><g i="52" c="316" charCode="7917" p="#^lA4b2BMaRBMa$CMaMDobxE$bxE1dxEUd0EDetDnfECDf%EC6g%3B6g%3BzeQByeaC9euCRduCmduCXcjCLc3CtcvBtcUAtclANc^xIShxIpi7IOiKHbjaHbj%aHbjBGbjbGOiOFpiOFShOFihbGUgBGugaHugKHug7IUgxIihxISh^KHHj%KH$v%tD$v%tD4vdDvvlCOvuB5wsA4wIy2wsxTu$vwt$vir%$vfh%iAfh%iAJqiAwrMA0sfBvsTBvsaDvssDLq%sDfh%mFfhhFxhhFShhFEiRFcjpGLjdHLjuHLjKHHj" /><g i="53" c="317" charCode="66" p="#^jIoqpIRstGtuFE$v9C$v%$v$v%$vrc%$BrcfErcVFYdAHtfHHIhSHnkTF9maIGnjIoq^3DDi0DYhyCth4CZgqBZg%UAZg%UAjk%rBjk7CkkBCQj3Dkj3DDi^iDDpfD_oPCzonC7oOB7o%UA7o%UAir%TBirvCirWCOqlDiqiDDp" /><g i="54" c="318" charCode="7845" p="#^pH$v%1D$v%1DhvNB4wuA4wIy4wqxLu9wqt$vqr%$vqrTv2pqxxnTy5m1B5m3C5m1Dum1DglRC4llCskSAskqyskqxBl%qxNhmzWgNBWgaEWgFFThpH$ipHgl^$CWr%$CZpUCDpwCpp9CapJBcp4BdpDAJpaAdqaAYqaAGrDAbs4BHsJBIsJCLs$CWr^ZIx9%$Ghd%WEhd%YFx9^cG5g%zD5g%3CTd%yA5g%Tx5g%IArc%nDrc" /><g i="55" c="319" charCode="224" p="#^pH$v%1D$v%1DhvNB4wuA4wIy4wqxLu9wqt$vqr%$vqrTv2pqxxnTy5m1B5m3C5m1Dum1DglRC4llCskSAskqyskqxBl%qxNhmzWgNBWgaEWgFFThpH$ipHgl^$CWr%$CZpUCDpwCpp9CapJBcp4BdpDAJpaAdqaAYqaAGrDAbs4BHsJBIsJCLs$CWr^dDcg%9Bcg%azrc%cCrc" /><g i="56" c="320" charCode="7885" p="#^BIQkpJvmpJFopJOrNHQtRFbwFCbw%FCbwAzbwDxOt1wOr1wFo1wumQwQkGx4jiz4iRA7hFC7hvE7h2G4iLH2jBIQk^7FIo7FYmpEVlKDWkFCWkDBWkYAYliA_mgAIogAlqXAnrDBpsFCpsIDpsqEor9Fnq7FIo^sEAzsEgAXDNArDiBJCiB%JCiB_BiBtBNAYAgAYAAzYARytBky_BPxJCPxrDPxXDkysERysEAz" /><g i="57" c="321" charCode="272" p="#^xMfmvMUqkKstaI$v9E$v%Bx$v%Bxun%$vun%$vYk%BxYk%Bxrc%cErcfIrcoK0fyMBhxMfm^mHdmmHNjvGsiFF7h2E7h%tC8h%tCYk%DEYk%DEun%tCun%tClr%2ElrmHlrmHdm" /><g i="58" c="322" charCode="7893" p="#^BIQkpJvmpJFopJOrNHQtRFbwFCbw%FCbwAzbwDxOt1wOr1wFo1wumQwQkGx4jiz4iRA7hFC7hvE7h2G4iLH2jBIQk^7FIo7FYmpEVlKDWkFCWkDBWkYAYliA_mgAIogAlqXAnrDBpsFCpsIDpsqEor9Fnq7FIo^VEz8CFf8pGf8yHf8jIT85Ju95Jwa5JnbAI6c1IScbH6d%bHBd%DFBd%DF2cnG1cKGEb1Hkb1HRa1HraSGeaCGY93GY9sFY9VEga^UG5g%eE5g%JCTd%dB5g%xy5g%oBrc%1Erc" /><g i="59" c="323" charCode="7911" p="#^KH$v%tD$v%tD4vdDvvlCOvuB5wsA4wIy2wsxTu$vwt$vir%$vfh%iAfh%iAJqiAwrMA0sfBvsTBvsaDvssDLq%sDfh%KHfh^lA4b2BMaRBMa$CMaMDobxE$bxE1dxEUd0EDetDnfECDf%EC6g%3B6g%3BzeQByeaC9euCRduCmduCXcjCLc3CtcvBtcUAtclANc" /><g i="60" c="324" charCode="44" p="%^dAvr5y9ymv9y$vvr" /><g i="61" c="325" charCode="250" p="#^KH$v%tD$v%tD4vdDvvlCOvuB5wsA4wIy2wsxTu$vwt$vir%$vfh%iAfh%iAJqiAwrMA0sfBvsTBvsaDvssDLq%sDfh%KHfh^NErc%OCcg%JAcg%LBrc" /><g i="62" c="326" charCode="7921" p="#^bEAzbEgAGDNAaDiBrCiB%rCiBJBiBcBNAHAgAHAAzHARycBkyJBPxrCPxaDPxGDkybERybEAz^xIShxIpi7IOiKHbjaHbj%aHbjBGbjbGOiOFpiOFShOFihbGUgBGugaHugKHug7IUgxIihxISh^KHHj%KH$v%tD$v%tD4vdDvvlCOvuB5wsA4wIy2wsxTu$vwt$vir%$vfh%iAfh%iAJqiAwrMA0sfBvsTBvsaDvssDLq%sDfh%mFfhhFxhhFShhFEiRFcjpGLjdHLjuHLjKHHj" /><g i="63" c="327" charCode="253" p="#^LHywLH$yHFiAUDqBaBqBpyqBxwnA%xwswmy$xYA$xtD$xtDkw%tD7vfDvvwCMvNB1wRA1wVy1wBxTu$vst$vzq%$vfh%lAfh%lAIqlAtrPAZriBtsWBtscDtstDJq%tDfh%LHfh^VErc%WCcg%RAcg%TBrc" /><g i="64" c="328" charCode="243" p="#^BIQkpJvmpJFopJOrNHQtRFbwFCbw%FCbwAzbwDxOt1wOr1wFo1wumQwQkGx4jiz4iRA7hFC7hvE7h2G4iLH2jBIQk^7FIo7FYmpEVlKDWkFCWkDBWkYAYliA_mgAIogAlqXAnrDBpsFCpsIDpsqEor9Fnq7FIo^eFrc%fDcg%aBcg%cCrc" /><g i="65" c="329" charCode="7841" p="#^pH$v%1D$v%1DhvNB4wuA4wIy4wqxLu9wqt$vqr%$vqrTv2pqxxnTy5m1B5m3C5m1Dum1DglRC4llCskSAskqyskqxBl%qxNhmzWgNBWgaEWgFFThpH$ipHgl^$CWr%$CZpUCDpwCpp9CapJBcp4BdpDAJpaAdqaAYqaAGrDAbs4BHsJBIsJCLs$CWr^oDAzoDgATCNAnCiBFBiB%FBiBWAiBpANAUzgAUzAzUzRypAkyWAPxFBPxnCPxTCkyoDRyoDAz" /><g i="66" c="330" charCode="7907" p="#^7FIo7FYmpEVlKDWkFCWkDBWkYAYliA_mgAIogAlqXAnrDBpsFCpsIDpsqEor9Fnq7FIo^tEAztEgAYDNAsDiBJCiB%JCiB$BiBuBNAZAgAZAAzZARyuBky$BPxJCPxsDPxYDkytERytEAz^GIShGIpigIOiTHbjjHbj%jHbjLGbjlGOiYFpiYFShYFihlGUgLGugjHugTHuggIUgGIihGISh^VHHjjIckBIQkpJvmpJFopJOrNHQtRFbwFCbwAzbwDxOt1wOr1wFo1wumQwQkGx4jiz4iRA7hFC7h7E7hqFKh%qFShqFEiZFcjxGLjmHLjEHLjVHHj" /><g i="67" c="331" charCode="234" p="#^nIIp%pAIppA4rpBQriCtsLDts9GtsNH2r%NHavFFawfDaw7AawcypuWvhs$v2o4wBkfyEi2A4hnC2h%nC2hsF0h0HdjqIalqIvoqI6pnIIp^iEJmeESlFDkl4DOkiCMkyBMkZAjlpASlkAJm^yG5g%UD5g%oCTd%VA5g%dy5g%2Brc%KDrc" /><g i="68" c="332" charCode="7843" p="#^pH$v%1D$v%1DhvNB4wuA4wIy4wqxLu9wqt$vqr%$vqrTv2pqxxnTy5m1B5m3C5m1Dum1DglRC4llCskSAskqyskqxBl%qxNhmzWgNBWgaEWgFFThpH$ipHgl^$CWr%$CZpUCDpwCpp9CapJBcp4BdpDAJpaAdqaAYqaAGrDAbs4BHsJBIsJCLs$CWr^IA4bpBMacCMalDMa6EobUE$bUE1dUEUdnEDeQDnf$CDf%$C6g%qB6g%qBzeaCyexC9eRCRdRCmdRCXcGCLcpCtcSBtcfBtcIANc" /><g i="69" c="333" charCode="417" p="#^7FIo7FYmpEVlKDWkFCWkDBWkYAYliA_mgAIogAlqXAnrDBpsFCpsIDpsqEor9Fnq7FIo^GIShGIpigIOiTHbjjHbj%jHbjLGbjlGOiYFpiYFShYFihlGUgLGugjHugTHuggIUgGIihGISh^VHHjjIckBIQkpJvmpJFopJOrNHQtRFbwFCbwAzbwDxOt1wOr1wFo1wumQwQkGx4jiz4iRA7hFC7h7E7hqFKh%qFShqFEiZFcjxGLjmHLjEHLjVHHj" /><g i="70" c="334" charCode="7869" p="#^nIIp%pAIppA4rpBQriCtsLDts9GtsNH2r%NHavFFawfDaw7AawcypuWvhs$v2o4wBkfyEi2A4hnC2h%nC2hsF0h0HdjqIalqIvoqI6pnIIp^iEJmeESlFDkl4DOkiCMkyBMkZAjlpASlkAJm^9CQdhD7eGD7esE7esEdd%tGddtG7gDE7g0E7gTCNfLBrfqBrfOArfOA9g%Iy9gIyxdvAxd1Bxd9CQd" /><g i="71" c="335" charCode="113" p="#^AIfh%AIrB%iErB%iEivqDVvfC1w%fC1w_B4wIB4wfz4wCxVtZvKr$voo1w8lvxbj_yehnBehJBeh4CfhIDshiE8i%iEfh^iEQp%iEsnYDcllCcllAclkACoiA$rlC$rYD$riEQp" /><g i="72" c="336" charCode="63" p="#^xFJdtHfftHThtH1kbGTlOEOnGCoo%GCRq%IyRq%IyLlDAIlxBIkhCVjhCHihCGhRBbhcBsgQzsgMxsg$vQh%$vndcyacGAacADacxFJd^TC2uTC5vhCOvIBvwFAvw%FAvwBztw$yNvqy5vqy2uqy$s0zjsDzCrFACrGBCrgCjsTC$sTC2u" /><g i="73" c="337" charCode="102" p="#^cEsfDDhfcDhf4Chf4Csg%4Cfh%DDfh%DDpk%4Cpk%4C$v%Ox$v%Oxpk%$vpk%$vfh%Oxfh%OxtfOxDd1zFcaAIbdCIb9DIbcEUb" /></glyphs></font><font id="30" name="UTM American SansBold Charset1_ 63PPfBiiWm7"><glyphs><g i="0" c="256" charCode="115" p="#^TEulNCCkVBKkUAUkUAylUAYltBqmSBUm_CznXDmouE6p4F1q4Fer4F6tODhudCbwEzbw5ybw$vyv%$verSwKrFx2stymsbzmsKzms0A9stASrtAqrtAXq_zvqazYpCxKo5wqn5wrl5wikIw8jUxYg8BMgSCFgTEeh" /><g i="1" c="257" charCode="116" p="#^cESvXC5w_B5wVz5wGy3vsx1usx4s%sxIk%$vIk%$v3h%sx3h%sx9e%bCyc%bC3h%_D3h%_DIk%bCIk%bC5rbC1sZC1skD1scERr" /><g i="2" c="260" charCode="97" p="#^HH$v%UC$v%UCiv_B4wEA4wNy4wtxJu9wlt$vir%$virTvSotxhnZyPlbBPleCPlUC9mUCklMCbllCGk0BGkLyGkpxOl%pxFhuzKgVBKglEKgRFIhHHTiHHel^TCJr%TCTpOCGpvCvpdCjpUBkplBmpZANpBAbqBAOqBArrZASrlBgsVBhsFCjsTCJr" /><g i="3" c="261" charCode="114" p="#^YDulBCplNBUl4BgmSA_mHAvnHAzo%HA$v%$v$v%$v3h%HA3h%HAuiIAXhIBuhIC0hYDZg" /><g i="4" c="262" charCode="101" p="#^CIQp%QAQpQAPqOBBrvC3sRD3s6G3s2IEq%2I5vNFawmDawbAawsyruWvcs$vYn4wtkqypi7ATgvCSg%vCSgFFQggH4jHI3lHIpoHIZoCIQp^8Eqm4EWlADtl5D0lqC_kOB_kiBslPAWlKAqm" /><g i="5" c="263" charCode="120" p="%^$I3huF$nWI$vUD$vwClr0B$v2w$vIzbo$v3h$A3hxChlUD3h" /><g i="6" c="264" charCode="105" p="#^6Bne6BzfqAmgLz8hAy8hnx8hIwmg1wzf1wne1wcdIwqcnxEbKyCb%KyCbLzCbqAqc6Bdd6Bne^WA$v%dw$v%dw3h%WA3h" /><g i="7" c="265" charCode="50" p="#^gI$v%Rw$v%$vcsYyhpvBYlBCwkBC4jBC4hoA4hpy4hiwBi%iwrdJybchBbceEbc2GNd1Iwf1I5i1IukhG3nXE4pOEfpRDBq1D4r%gI4r" /><g i="8" c="266" charCode="48" p="#^nL3mnLgqiKvsvIkwxDkwpzkwxxdt$vIq$vom$vMhsxhfmz1cND1cnL1cnL3m^tFbmtFIgDDIgVBIgVB6mVBCrKDCr%KDCrtFCrtFbm" /><g i="9" c="267" charCode="49" p="#^ZB$v%Hw$v%Hwci%MvciqwpgCwUf6xke8xlc%ZBlc" /><g i="10" c="270" charCode="57" p="#^8LZl8LppEJ8ssH7wpC7wAz7wSwKu%SwXpsyRq$zoriBRr$BRrgDRrcE4rhFcqzFMojE0qbC0qWz0q6yromw3n1wFkYv1kYvojYvigWx8eVz_b3D1caH6ciJ7f8LMh8LZl^7FZi5FLhvE4h_DxgeDxg%eDxgvBxguBHiuBolgDol3EolBEOk7Fck7FZi" /><g i="11" c="271" charCode="56" p="#^AKvqAKst7I1v7GkwoDkwCAkwyy$u$vmt$vpq$vWoPwAnExemZyLlxwxkxwxhxwnf_xUdMz1cjD1cPG1cFISd9Kmf7Kih4KokCHFlWIamLJwnAKSoAKvq^$EWh$EehvEMg0EhglDhgEChg9CMgGBehGBWhGBBi9C5jFCAjlDAj%lDAj$DAjvE4j$EAi$EWh^bF2qbFgpCEIo1E8oeD8orC8oSBIohBgphB2qhBSqSBqrrC_reD_r%eD_r1E_rCEqrbFSqbF2q" /><g i="12" c="274" charCode="55" p="%^gIFgTC$v1x$vgCgh$vgh$vlcgIlc" /><g i="13" c="275" charCode="54" p="#^$KIn6Lmo6LZo6L5sfJMtaHnw1EkwZzew2ymt$vEq$vpm$vXisxDgTzYb5F1chH3cyJLc%yJ1iUGAg4FAg4CAgBBwjFCri4FrimHriWIMjHKcl$KIn^BFqpBF$mRD$m1D$myCzn$Bbo0Cqp1CCqDCir7DRrRDRr%RDRrBFRrBFqp" /><g i="14" c="276" charCode="53" p="#^zISozI3sAG3unEhwjAhwqyhw$vjv%$v5q5xOqdycrmzBrrABrXCBrXCvpXCrnSzrnayrnaw_n%8wlc%DGlc%DG7h%XA7h%XA5jiB2jSB2joF2jcHglzIVmzISo" /><g i="15" c="277" charCode="52" p="%^3LisQIisQI$vBD$vBDis_wis$vgoAClcQIlcQIGn3LGn^BDGnBDGipBGn" /><g i="16" c="278" charCode="51" p="#^RG1g2HBg2Heh2HIiiG$jvFmlmEBlTFUlLG9nzHlozHSpzHorNGQs_EawiAawlyaw$vwv%$vcqfyfrKzfrPAfroBKq_Bdq0Cqp3CNnHzNnPyNntx2o%txHjpyTj_yTjaATjSAejvBJinB1ijBAhMAdheARglzRg2yRg7wFh%5wJcbyac9AacNFacRG1g" /><g i="17" c="279" charCode="112" p="#^QIioSIErbHStwF4w_C4wHC4woC0w%oC0wbBUvHAjv%HAlB%$vlB%$v3h%HA3h%HAVhWAghAC3h$C1hhD1hNF1hiH1jPI1lQIio^5Evo5EplkCpl_AplHAnn%HAHp$ABrkCBr5EBr5Evo" /><g i="18" c="280" charCode="111" p="#^QIIkEJomEJyoEJJr$HNt1GbwNCbw%NCbwEzbwCxIt1wJr1wyo1wmmWwykHxWilzUhWAWgNCWgFEWgfGVhZHUiQIIk^XECoXEZmhE$lHD8lNC8lVB8liB3mIA_mHAloHA8qiB3rVB_rNC_rGD_rkE4r_E9qXECo" /><g i="19" c="281" charCode="103" p="#^SI6vSIfyFGzzAEyBJByBbzyBkxjA%kxHvpyDwqz5xrAAxvBAxHCAxoD$wbElw9Ecv%9Ecv%9E8vbD4wJB4wYy4wlxvtZvlr$vvo1wblzx4j6zYgBBYgVBYgiC_gTDbh9ESh%9E3h%SI3h^9EDp%9EonRDplvCplNAnlMAtoKAyrvCyrRDyr9EDp" /><g i="20" c="282" charCode="79" p="#^aNam9N1r3LEtTIkwAEkw8whw$vamWvmh7yIelA1cAE1cQI1c0LIecNmhaNam^DH9mEHehAEeh6DehkCviyBMjAB9mDB4rAE5r%AE5rAH6rDH9m" /><g i="21" c="283" charCode="85" p="#^QJzqQJitDHWuEFlwRCkw3Aiw9yTu$vht$vAq%$vlc%kBlc%kBhpkBVqJCVquEXquEdp%uElc%QJlc" /><g i="22" c="284" charCode="84" p="%^FIthSEthSE$vAz$vAzth$vth$vlcFIlc" /><g i="23" c="285" charCode="32" p="#" /><g i="24" c="286" charCode="70" p="%^XGuhiBuhiBrlbGrlbGuqiBuqiB$v$v$v$vlcXGlc" /><g i="25" c="287" charCode="73" p="%^hB$v$v$v$vlchBlc" /><g i="26" c="288" charCode="77" p="%^yQ$v9L$v9LkjRI$vGD$voBkjoB$v$v$v$vlctElckGjntIlcyQlc" /><g i="27" c="289" charCode="69" p="%^5H$v$v$v$vlc$Glc$GthiBthiBIjMGIjMGFoiBFoiBXq5HXq" /><g i="28" c="290" charCode="33" p="#^9Blc%aAnq3ABqTzBq%9xBqSwBqSwjq%$voc$v5ciw5c%SA5c9B5c9Blc^UABtUAKueAwvBzhwryewixewFwuv1wJu1wBt1wusGwJrkxYqiyYqAz_qeAKrUAusUABt" /><g i="29" c="291" charCode="78" p="%^6L$vlF$voBzloB$v$v$v$vlcpClcyFtlyFlc6Llc" /><g i="30" c="292" charCode="80" p="#^UJ$jQJznVHNp$F$r6D$r%iB$r%iB$v%$v$v%$vlc%3Dlc9Glc1IDeVJUgUJ$j^AEmkAE3j2EgirDohgCoh%iBoh%iBhn%gChnxEhnAEmk" /><g i="31" c="293" charCode="83" p="#^qH9i9F7hWD7hgD7hGCthcCLhcCiicCUiTCqj1Esk1F4lfG4mWG5nIHeoIHPpIHgsNFgu0EkwGAkwFykw$vtv%$vVp1xAq4y_q7zor0AorOAoryB0rPBGqPB3qPBmp8BMoIAkoCzBnwyRm2yqm8wKk8w9i8wGgRwlfqykcEC3cSEVbqHFc" /><g i="32" c="294" charCode="82" p="#^nK$v%wE$v%6Crq%iBrq%iB$v%$v$v%$vlc%3DlceGlcQH2e$J_f$Jaj$JWkbJumnI1oaHSo^uEtjuEzi_DZhoDjheCjh%iBjh%iBBl%eCBlrEBluEtj" /><g i="33" c="295" charCode="89" p="%^BMlcZG5pZG$vFB$vFB5p1wlc8ClclEmjKGlc" /><g i="34" c="298" charCode="68" p="#^8Lbm6LRqWIqtKG$vGC$v%$v$v%$vlc%JClcPGlc_IYe9Lyh8Lbm^zF9mzFRjNEDi$DphyCph%iBph%iBYq%yCYqzFYqzF9m" /><g i="35" c="299" charCode="110" p="#^XH$v%eD$v%eDjmeDHlRCkltCZkYBZkTAZkEAlm%EA$v%$v$v%$v3h%EA3h%EAZhrAEhjBlhbC1hdD3haF8huGciXHpjXH2m" /><g i="36" c="300" charCode="104" p="#^ZH$v%fD$v%fDlmfDHlRCklsCZkYB_kVA$kHAim%HA$v%$v$v%$vlc%HAlc%HAJhtAthpB8hmCOgrDOgkFOgCG_hZHcjZHWl" /><g i="37" c="301" charCode="225" p="#^HH$v%UC$v%UCiv_B4wEA4wNy4wtxJu9wlt$vir%$virTvSotxhnZyPlbBPleCPlUC9mUCklMCbllCGk0BGkLyGkpxOl%pxFhuzKgVBKglEKgRFIhHHTiHHel^TCJr%TCTpOCGpvCvpdCjpUBkplBmpZANpBAbqBAOqBArrZASrlBgsVBhsFCjsTCJr^UElc%RCwg%qAwg%uBlc" /><g i="38" c="302" charCode="99" p="#^0GnvBEawQCawpzawBxQt2wRr2wEo2wmmWwBkKxRiwzOh2BTgXCTgsETgVFBh%VFHlvE2luD2ljC2lEBLlLANmKAloKAnqEBjrrC4sED4sNE4s0Gmr" /><g i="39" c="303" charCode="66" p="#^zIdqFINsgGvuQE$vhC$v%$v$v%$vlc%8ClcrElc8GUdRHrfZHJh7ItkbG3mqItnzIdq^WCEiUC4iuCGh5CghzBgh%iBgh%iB2k%vB2k8C3kxCFjWCejWCEi^9Dwp7D_oLCEooChoXBho%iBho%iBVq%$BVqvCVqRCvqcD5q9Dwp" /><g i="40" c="304" charCode="234" p="#^CIQp%QAQpQAPqOBBrvC3sRD3s6G3s2IEq%2I5vNFawmDawbAawsyruWvcs$vYn4wtkqypi7ATgvCSg%vCSgFFQggH4jHI3lHIpoHIZoCIQp^8Eqm4EWlADtl5D0lqC_kOB_kiBslPAWlKAqm^RGpg%SDpg%wCde%cBpg%aypg%4Blc%YDlc" /></glyphs></font><font id="40" name="Arial Charset163_ 6byUrJGIREr"><glyphs><g i="0" c="888" charCode="432" p="#^DJAl%DJ1j%_L1j%_L2l_LZmyLJnqKGp6IWp%6I$v%8G$v%8G5uDEiw1CiwUAiwUzTvVyrvpyMuWx5uKx7tBxtsBx3r%Bx1j%Oz1j%OzeqOzZrXzysmAputCpuuDpulEUtcFntyFwsVFErVF_p%VF1j%6I1j%6I_oGJJorKxnNK0nNKAl" /><g i="1" c="889" charCode="7899" p="#^5zwp5zWraAetcBuuVCuuCEuuDFetIGVrIGrpIG5nCFOlAEykVCykbBykaANl5z5n5zwp^gJhl%gJKi%DLKi%DLKkDLfm9L2nzK5oZIZoZI8pZIkpZITt2GvvBEiwVCiw7AiwvyyuQwKsQwwpQwVlQyakvAKiVCKiAFKigHukyIPlTIVnIJpn3KSmrKjmqKhl^HBqh%iD$d%bG$d%vDqh" /></glyphs></font></bwFonts>