﻿<?xml version="1.0" encoding="utf-8"?><bwFonts xmlns:xsi="http://www.w3.org/2001/XMLSchema-instance" xmlns:xsd="http://www.w3.org/2001/XMLSchema" fontfactoryurl="story_content/FontFactory.swf"><font id="00" name="Open SansBold Charset1_ 5x5RSU9XTbG"><glyphs><g i="0" c="384" charCode="89" p="%^ODvlwH9eBL9eGF3pGF$vWB$vWBap$v9e5A9e" /><g i="1" c="385" charCode="111" p="#^WA9pWAbrABesfCgtLDgtfFgtUFesyGcryG9pyG7nUF6meF5lKD5leC5lAB6mWA6nWA9p^mK9pmKusBInuRGfwIDfwKBfweAovKyxuWxWs7xir7x9p7xPlSyYjCA5iND5iLF5ifHYiLIOjyJplmK$mmK9p" /><g i="2" c="386" charCode="117" p="#^DH$v%7Hgu%XGgukGdveFKv8EfwKCfwkAfw5zZuTxGtTxfr%Txmi%CBmi%CBkqCBPr7CysFChtODhtnFht3GesMGbrMGNo%MGmi%uKmi%uK$v" /><g i="3" c="387" charCode="32" p="#" /><g i="4" c="388" charCode="109" p="#^aK$v%sG$v%sG1osGzmYFQlsF4loE4lZC4ljC7mGBanGBAp%GB$v%Yx$v%Yxmi%OAmi%iB5k%vB5k3C9j5DDi7E5itF5ixI5iDJ5k%YJ5kvK8jzLDiEM5i_N5iiQ5iuRhjGStkGS5n%GS$v%XO$v%XO1oXOzmrOQlYN4lUM4lxL4lRK3maK1naK9p" /><g i="5" c="389" charCode="115" p="#^tHYrtH2u$F9vyEfwFBfw9Afw6z2w3yRv8xsv%8xosbyTsuzctNAxtMBxtODxtODmsODWrxDFrgDnrBC1rXBGqRAcqgzypxy_oOxqosxIn7xZm7xVl7x5kxy5jXz5ixC5i$E5ikHaj%cGSlaFqlhE8loDSktCSkQASkQALlQAfmmBDmUB_mGDInhFmo0GWoMGtp6HcqtHXqtHYr" /><g i="6" c="390" charCode="116" p="#^IDhtHEht2GSs%2GDvFEfwDCfwoAfwnz7vmy$tmyKr%my9l%Aw9l%AwAj%Dyki%Izsf%4Csf%4Cmi%VFmi%VF9l%4C9l%4CKr4CxswCVsZChtIDht" /><g i="7" c="391" charCode="99" p="#^vDfw7xfw7xfp7xMlSyXjBA5iQD5icG5i4I0j%_GVl5GylkFklAE5lQD5lWA5lWAdpWAetQDetVEetPFYsKGFsFH2s%FHevLGPvQF1wVEfwvDfw" /><g i="8" c="392" charCode="112" p="#^sFfw2DfwGBvu%uBvuGBcwGBuw%GB$B%Yx$B%Yxmi%_Ami%vB7k%GB7k_C5iyF5iZH5ikJZjIKQlIK9pIKlr3KYsqJzueIpv2HfwsFfw^mE4lZC4lkCXlIBNmGBKo%GB7pGBkrkChs_CetpEetVGetVG6pVG5nhG5mGF4lmE4l" /><g i="9" c="393" charCode="108" p="%^GB$vYx$vYx$cGB$c" /><g i="10" c="394" charCode="101" p="#^CDLkqCLkLBvl4Bfm_ADn%cGDnaGfmtFvlNELkCDLk^7EfwQAfwZyru7xCs7xhp7xRlQyZjyA5iAD5itG5i4ILjHJolHJio%HJ6q%UA6qYAIrQBBsJCutiEutxFutDGetKHZsWIps%WIhvYHNvQG0wJFfw7Efw" /><g i="11" c="395" charCode="104" p="#^zK$v%QG$v%QG1oQG4lEE4l3D4lmC8mGBcnGBAp%GB$v%Yx$v%Yx$c%GB$c%GBTgGBkhBB$i%vB5k%IB5kYC5iFF5i3I5ijJojzKHkzK5n" /><g i="12" c="396" charCode="113" p="#^CDkt1FktHFwslGIrpGGp%pGdppG1nJF4m2F7lyD7lWA7lWAfpWAirABjseCktCDkt^hCfwSzfwuyou7xxs7xcp7xSlwy_jWz5imC5iED5iCEBiAF4jjG5k%pG5k%KGmi%UJmi%UJ$B%9G$B%9Ghw9GxvjGeu%9GeuyFdvzEKvADfwhCfw" /><g i="13" c="397" charCode="105" p="#^OxQeOx$cQz$cRB$cRBQeRBHfkBagQAFgQzFgOxFgOxQe^GB$v%Yx$v%Yxmi%GBmi" /><g i="14" c="398" charCode="110" p="#^zK$v%QG$v%QG1oQGzmiGQlNF4lEE4l3D4lmC7mGBanGBAp%GB$v%Yx$v%Yxmi%OAmi%iB5k%vB5k7C6jdDCijE5iIF5i5I5ikJojzKGkzK5n" /><g i="15" c="399" charCode="98" p="#^yF5iZH5ikJ_jIKTlIK9pIKxshJouTHfwsFfw2DfwGBvu%qBvu%OA$v%Yx$v%Yx$c%GB$c%GBqhGBgixB7k%GB7k_C5iyF5i^mE4lZC4lkCXlIBNmGBKo%GB7pGBkrkChs_CetpEetyFetdGbsVG7rVG6pVG5ndG5myF4lmE4l" /><g i="16" c="400" charCode="57344" p="#^vF9l%hC9l%hC$v%yy$v%yy9l%vw9l%vwmj%yymi%yymhyy1fHzYdRATcnDTcjFTcPGsd%SFbgKEQfNDQf_CQfDCighCMghCvh%hCmi%vFmi" /><g i="17" c="401" charCode="114" p="#^AF5ikG5iQGci%yGHl5GAlsFAlGDAlGCvmGBpnGB2p%GB$v%Yx$v%Yxmi%MAmi%kBEk%vBEk8CvjdDOiiE5iAF5i" /><g i="18" c="403" charCode="103" p="#^QJli%QJek%IHNkhIIlhIRmhI2pLGhqdFvrvCvr%QBtr%hBprIARrIAnsIAbtLCbt%4FbtjHbtuI9uGJ6vGJZwGJmzGHGAHF$BYB$B5z$BAx$A4w0A4wdy4w_wRw9wCxkv5zZuxyKu5ybuGxDtGx$sGxds7yIrAybrrzHqmydqJxcp5xao5xMm5xxkyyjj$z5iIC5ihD5i3EciREii4Fli^izXxizIy1A8zMAAz6CAz6EAzeF1znGuynGxxnGLwIFsw1FawDDaw%IBawGAaw_zFwiz8xizXx^FAQmFAXn9BBoGBepICepLDepeEBoKEXnKEQmKEmkICmkFAmkFAQm" /><g i="19" c="404" charCode="46" p="#^qxfuqxdtZxIsxyasAzasBAas8BJsIBftIBfuIBdv8BNvAAkwAzkwyykw_xNvqxevqxfu" /><g i="20" c="405" charCode="69" p="%^wI$vfy$vfy9ewI9ewIfh1Cfh1Cal4Ial4Igo1Cgo1CTswITs" /><g i="21" c="406" charCode="121" p="#^$vmi%4Ami%FC1q_C1r6Dps%aDpsjD8rID1q%eGmi%dKmi%sELxFDTzbCXAJA$BLy$BNx$BSwOB%SwRyxx$yjy$yjz$y2AoyNAOxcBAw%qBVv" /><g i="22" c="407" charCode="97" p="#^CG$v%UF9u%OF9uSElvSDOvTCfwgBfwjzfway7v2x$t2xXr2xMpzyKo5AIn9DBn%wFwn%wFWmwFRkoDRkMBRkyzQl%jyjjGA4iyD4ihG4iLHhjdJtkdJVm%dJ$v^wFHp%4EKpsCNpFBkqTASqTAYrTAxtGCxtZDxtKEOswF2swFPq" /><g i="23" c="408" charCode="57345" p="#^vF9l%hC9l%hC$v%yy$v%yy9l%vw9l%vwmj%yymi%yymhyy1fHzYdRATcnDTcjFTcPGsd%SFbgKEQfNDQf_CQfDCighCMghCvh%hCmi%vFmi^uHQeuH$cwJ$cxL$cxLQexLHf0LagwKFgwJFguHFguHQe^mL$v%EH$v%EHmi%mLmi" /><g i="24" c="409" charCode="100" p="#^hCfwTzfwvyou7xws7xcp7xRlwyZjWz5inC5iYE5ijG5k%rG5k9Gzi9Gnh%9G$c%UJ$c%UJ$v%1H$v%jGeu%9GeuTEfwhCfw^ADht0FhtGFsslGDrpGDp%pGeppG1nJF4m2F7lwD7lhC7lABbmUAenUAfpUAgrABhshChtADht" /><g i="25" c="410" charCode="119" p="%^aJ$v7IerIGclDGcl7E$v7A$vfwmiYzmixBpo#VB0qiCTsnCTs#qCYrOCXp$CVoHEmiNImioKVo#rKapxKIp#EKdqKKPq#RKprWKZr#$Kxs0LTs4LTs#bL$rtLtq#LLXoTLpowNmi9RmieN$v" /><g i="26" c="411" charCode="58" p="#^qxfuqxdtZxIsxyasAzasBAas8BJsIBftIBfuIBdv8BNvAAkwAzkwyykw_xNvqxevqxfu^qxakqx8jZxDixy5iAz5iBA5i8BEiIBajIBakIB9l7BIlzAfmAzfmyyfm_xJlqxalqxak" /><g i="27" c="412" charCode="87" p="#^DP$v%kL$v%VIDmMI7mrIzk7I_i4Isi$H6jIHAkqH1mfHFm%RE$v%yA$v%$v9e%Jz9e%$BUnCCBqTCzsYCTrcDqqtDYoID9o%iG9e%TJ9e%uM9oFMQoVMcqaNAriNzsqNDrHNcqYNNoaOUn%sQ9e%aU9e" /><g i="28" c="413" charCode="107" p="%^xBAo9DvmZGmiaLmiLFhovL$vcH$vhDtqGBLrGB$vYx$vYx$cGB$cGBuluBAo" /><g i="29" c="414" charCode="57346" p="#^vF9l%hC9l%hC$v%yy$v%yy9l%vw9l%vwmj%yymi%yymhyy1fHzYdRATcnDTcjFTcPGsd%SFbgKEQfNDQf_CQfDCighCMghCvh%hCmi%vFmi^bP9l%ZL9l%ZL$v%eI$v%eI9l%bG9l%bGmj%eImi%eImheI1fnJYdxKTc3NTc$OTcvQsd%yPbgqOQftNQfGMQfjMigZLMgZLvh%ZLmi%bPmi" /><g i="30" c="415" charCode="63" p="#^nz4q%nzapnz$nTz8nnAgmIBhl_CnkoDOjODdjODwiODJhcDjhDCUgABUgLzUgpx5i%4wqfOyUdRBUdmEUdRF6fkHjgkHkikHGjJGFk6GDloERmdDInVC9oCCCoCClp%CC4q^_yfu_ydtxzIs4Aas7Bas8CasHCJsfDftfDfufDdvHCNv7Ckw7Bkw5AkwxzNv_yev_yfu" /></glyphs></font><font id="10" name="Open Sans Charset1_ 6CxhBzUibIO"><glyphs><g i="0" c="384" charCode="79" p="#^XN3nXNlrMLOtCJfwLFfwPBfwGzRtxxqrxx1nxxGiGzhgQBTdNFTdDJTdNLkgXNMiXN3n^Jz3nJzHqgBzsPCruLFruJIrueKAsLLIqLL3nLLsjeKBhKIKfNFKfPCKfgBChJzujJz3n" /><g i="1" c="385" charCode="75" p="%^lL$vVI$voClnxA$oxA$vsy$vsy9exA9exA$mDI9e4L9eUDVl" /><g i="2" c="386" charCode="89" p="%^$C4nLH9e$J9e2E4p2E$vXB$vXBap$v9egy9e" /><g i="3" c="387" charCode="101" p="#^ODfwQAfw6zsupxEspxqppxbm$yhkBAnihDniOFnifH1kJIHlJIoo%JIGp%vzGpzz1sHAgtQBuuTDuu1Guu9IAt%9Iov4HRv6G2w9FfwODfw^fD4kEB4kGA7lJzamyz1o%yG1oyG6mHF5lRE4kfD4k" /><g i="4" c="388" charCode="115" p="#^NGmsNGduoFev$DfwuBfwPyfwkxpv%kxwtiy0uoziuvAAuxBAu6DAuZD4uQEztQExsQELr8EbrtDDqvBTpEzapRyFo3y8oGxunixQmixVlixgkDykjYznigCnirEnivGfj%NFVkMD4k7C4kHA4kYzxkdz_kdzMldzjmuzHmMz3nnApn_ALnJCoo6FgpXF8qNG0rNGms" /><g i="5" c="389" charCode="78" p="%^oM$v0K$vgA1haA1h#nAFjnASlnA$vsy$vsy9eOA9ewK4tDK4t#BKKsvKYq#qKapsKoosK9eoM9e" /><g i="6" c="390" charCode="111" p="#^HJipHJAs1IquoGfwuDfwIBfwjApvWyzu9y_spxprpxippx1m1zckGAniADnioGni1IfkHJ6mHJip^vzipvzSrwActyByuyDyuxFyuzGdtBHTrBHipBHLmzGqlxF5kwD5kxB5kwAplvzImvzip" /></glyphs></font><font id="20" name="UTM CookiesBold Charset1_ 5npTYOv0geU"><glyphs><g i="0" c="256" charCode="212" p="#^MAJdYyweTxahkxwiAwJlrw8nrwgorwoq$wVrzxqt_y0vAAVvuCVvfEVvCG6vmIDtNI_rmJfqiJJmIIki4Hhg_EJdMAJd^qBknrBImNBJlbCukuCskiDnk0EUkKEolKE9mKErnrE0o2ELo$CLokBLoqBkn^4zbbGzqaFAC9XBz8wCz8GDz82FT9lG7bAG5cAGFcdG4dSFudjFudYEudEEgddEYctD$b_CmbJCmbwCmbJB6cAAldfArdAzrddz3dTyGcTy1cTyBb4zbb" /><g i="1" c="257" charCode="78" p="#^qw4f7w9h7wkk7w7oCwpuMwdvOxzvwySvmzSvuBSvWBAu9Cmu9CPt9C6tHBGreBeqeBBpeBhpmBgpUBipHCUqnD4seE2urETugFavbGJv6HJvTIJv6JCuxJDsxJ9mxJvg5J$eAI3eyG3eKE3epERebE6fbELfbEHgFEsi7Fdk7F4l7FGlMEKlkEPlQDukFDXjXCmhqC5fWBAe1BJd9zJdCwJdqw4f" /><g i="2" c="260" charCode="32" p="#" /><g i="3" c="261" charCode="84" p="#^_w4e6zHdJCHd2GHdII4eKJyeKJKgKJIiXI7jrIMjAHMj9HMjrGyjKFkjtFkjeFkj7Fvj4Fzj4F$j4FAluFJoUFRrUFqtUFTusFbvuEYvDCYvMAYvhAUuZzBuZzitZzJrsAEoXAzlXA3kXAIjTAFjKAnjtAnj9AnjmzBjAyOj8yOjuxOjZwwj1w1j1wQg1wFe_w4e" /><g i="4" c="262" charCode="7852" p="#^KyefuzEdMCEdZDEd_EZdtGoeVGifOH1hKIomDJtrDJPtDJ_umJbvaJyv6IPvwHZv_GZvIFZvPEbv_DTtQDHsJDPrvD6qnDBpXCBpKCBpvCKphCSpiC_peC3r1C4tTBHukBUumAYv1zYvixYvuwVubwEubw4tbwfqTwcmHxshKyef^qBkkqBPkNB7l8CrlECrl8DrlwD7lUDPkUDkkUDSjwDyj8DejECej8CejNByjqBRjqBkk^aCxwECmw3DmweEmwVEzx6FWx6Foy6FqzfEXzGDkA8DkAgCkAGBKz5B8z5Bgy5BZwaCxw^5zabGzqaFAC9YBz8xCz8GDz82FT9mG7bAG5cAGFcdG4dTFudkFudYEudFEgdeEYcuD$b_CmbKCmbwCmbEBgcBAldfArdBzrdez2dTyFcTy1cTyBb5zab" /><g i="5" c="263" charCode="80" p="#^7CGdVEGd0HOezJFfuJTjoJUoREUoxDUoZBso_Bso_BEo_B7pFCXqkDKskDEtkDOuwCdvzBQvjAQvgyQvoxLuVwXtDwAqpw2opwfmpwTh6xjghyGd7CGd^7Coj7COjwC4kRClkjDpkzEBkNE8jNEti_Cti7Cti7Coj" /><g i="6" c="264" charCode="66" p="#^PwYfjwchjwLljwpstxlu8yrvVzOv$A$vhD$v3E$vFFxvjH5vMHDueJeteJ8reJkpWHNnvGsmdF5mnGKldHIkaIyjcIbieIlhOHlg7Hke9G3egExdlCxdEAxd2z$d2xBePwYf^iBmiiBZhCBHhWBohlCohMCoh5DHhqDZhqDmiqDPi5D5jNCnjlCnjVBnjBB5jiBPiiBmi^yBzqyB3qQBDp7CbpwCbpZCbpvDFp1E7q1Ezq1EXqEDarfDorNCorhCorXBbryBXqyBzq" /><g i="7" c="265" charCode="7854" p="#^KyefuzEdMCEdZDEd_EZdtGoeVGifOH1hKIomDJtrDJPtDJ_umJbvaJyv6IPvwHZv_GZvIFZvPEbv_DTtQDHsJDPrvD6qnDBpXCBpKCBpvCKphCSpiC_peC3r1C4tTBHukBUumAYv1zYvixYvuwVubwEubw4tbwfqTwcmHxshKyef^qBkkqBPkNB7l8CrlECrl8DrlwD7lUDPkUDkkUDSjwDyj8DejECej8CejNByjqBRjqBkk^nG654H85qH_5HHJ6nHi7BGK7lF98aD69RBv9dBz9SAG8uAD74Be71CH6VDW5vFi5nG65^fzgb1zRa1zqa1zR9ozu9Mz79oA79LAe9rBV98CzaUCzaEDya3E6avEG9LEl97F59uF590G59nGu9KGS9KGnavGibjF9c7E0dYC$cOB_cQAucSzZbfzgb" /><g i="8" c="266" charCode="272" p="#^VBwlVBqlVB9lVBFkkCFkpEFkpESmpEGn2EfoIDNo0DNojCNo8Cko1C3o$BLnpCKn_CInIDinIDAmIDGlNCAlkCxlVBwl^Kwtl2wvltvAlGuQlGuImGuvnnvKn1wNnMwPnVwGtGxLuUy$vPB$vqD$vYEAvWG0vIHZtyJxryJSnyJ8lBIuiKH4gvGjfzENdlBNd9ANdhz4eixxe0xnfKwdgKwsk%Kwtl" /><g i="9" c="267" charCode="7846" p="#^KyefuzEdMCEdZDEd_EZdtGoeVGifOH1hKIomDJtrDJPtDJ_umJbvaJyv6IPvwHZv_GZvIFZvPEbv_DTtQDHsJDPrvD6qnDBpXCBpKCBpvCKphCSpiC_peC3r1C4tTBHukBUumAYv1zYvixYvuwVubwEubw4tbwfqTwcmHxshKyef^qBkkqBPkNB7l8CrlECrl8DrlwD7lUDPkUDkkUDSjwDyj8DejECej8CejNByjqBRjqBkk^0Bb5VBm5wD$5oFL6kGj7WGH7xGP8bGD9yFz9dEb9dCn8OAP70An7JzO6Zz86jAd50Bb5^5zabGzqaFAC9YBz8xCz8GDz82FT9mG7bAG5cAGFcdG4dTFudkFudYEudFEgdeEYcuD$b_CmbKCmbwCmbEBgcBAldfArdBzrdez2dTyFcTy1cTyBb5zab" /><g i="10" c="270" charCode="85" p="#^ECKfvCkhdCijWBqlWBwmWBxo$CAo3ECo3Emm3EalLD$inDugkDOffDJedE8eYEJd_FJd6HJdZHfeZIRecJSfDJMhDJakDJIm2JNphI$tYGNuiGZvUCZvezZvKyGudxotww5q$vJn$vWk$vtiwwYfLwReHxgeDyGdQzGdKAGdpBZdGCueGCofGCtfECKf" /></glyphs></font><font id="30" name="UTM Cookies Charset1_ 65tjZ3VMsCK"><glyphs><g i="0" c="256" charCode="67" p="#^lFNdtDUd5DZdFBfedAhfPxZgpwZj5wSk5wnm5w2oswRpVw2sIx0tBy7ulzyuxzEuJBvvkDVvaEVviFVvqGqv4IKuCI0u8JhtgJLrjJ$qTIrqsITpHHTpfHTpOG6qvFWqpEWqoDWqkCdqnBUonB$mnB_k9CQjGC2jzExi7G5iwGThsHkhsHegsHhfTGDeiGYdlFNd" /><g i="1" c="257" charCode="217" p="#^hCCf7CehRBajxBslxBAmxBToTCWoeE_oeErmeEalUDYiwDngtDGfoDLefEfeYERdWFRd$GRdQHleLIUeZIVfnJLhnJcknJMmPITp2I2uKGQu5GZvNCZvdzZvLyLudxstxwaq$vMn$vYk$vtivw2gLwUeDxlevyOdFzOdxAOdiB7eiCyeiCkfiCpfhCCf^lAA8bBL8PCo9HE9aFFJa7G_aNFTbtFCc2FycKDacHBmbgANaxznaizY9yzj9RzB8lAA8" /><g i="2" c="260" charCode="78" p="#^qw4f7w8h7wmk7wcoDwBuLwfvGxAvnySvazSv9BSvzBGuNBtuNB0uNBktiBSrQAoqQAJpQAapcB7pWBapOCWqkD$rnEauzEWusFmvbGJv4HJvGIJvSINuiJOsiJdmiJtgSI$eqIcevGceQEceyETelE6flEGflEBgPEpiiFckiF7liFWlRE$l3E7mtDskiD$jzC4h3C7fCBFeMARdZyRdBwRdqw4f" /><g i="3" c="261" charCode="71" p="#^_DNdByNdLw$jrw9mrwRnrwLqjxssKy5uNzNuFB$vlE$vzGyvVHQtgJ6sgJOpgJOoZIRnrI1nVHdmjHxliGpl5Fpl0FqlGExldEgm8ElnmFoowFIowF2pwFFp6F8qJECq8ECq5DCqeC_oZBsoZBfnZBpm6C4lrCDj8DXiRDeiiF2irHOhrH9grHNd_DNd" /><g i="4" c="262" charCode="32" p="#" /><g i="5" c="263" charCode="72" p="#^axQeRx0erz0ehB0eCBVfQBehFBPjQBDkQCDkUDDkeEJjhEqhhEhhlERfDETeTE$dyG$dZH$dsIKe5Jbh5JQn5JirWIGuJIevZHyvmHPvEGPv2FPvIELuqEetiEiqfElpaDlp$Blp$Blq0CltUBWtrBSvvzSvMySv4yBvaxhv5xGuDworDwlmDwRgaxQe" /><g i="6" c="264" charCode="65" p="#^MyfftzNdECNdRDNdTE6eeGveEGkfxH2htIvmoJFroJ0uoJ5vaJfv$IAv8IPvsHZvYGZvKFZvWEfv8E$tZDOsTDWrEDcqtDtpQCtpyCtpdCFpUBRpWB7qRBarEBftvBNuWAfv5AYvRyYvcxYvrwZubwLubwhtbwqqUwimJxthMyff^0Bmk0BYktBllWBJlwCJl6DJlADll2EYk2Emk2ELjADmj6DZiwCZiWBZitBmj0BLj0Bmk" /><g i="7" c="265" charCode="85" p="#^hCCf7CehRBajxBslxBAmxBToTCWoeE_oeErmeEalUDYiwDngtDGfoDLefEfeYERdWFRd$GRdQHleLIUeZIVfnJLhnJcknJMmPITp2I2uKGQu5GZvNCZvdzZvLyLudxstxwaq$vMn$vYk$vtivw2gLwUeDxlevyOdFzOdxAOdiB7eiCyeiCkfiCpfhCCf" /></glyphs></font><font id="40" name="UTM American Sans Charset1_ 6HesQ7Y399B"><glyphs><g i="0" c="256" charCode="73" p="%^TA$v$v$v$vrcTArc" /><g i="1" c="257" charCode="116" p="#^RDVvOC5wRB5wQz5wFy6vux7uuxfs%uxtk%$vtk%$vfh%uxfh%uxde%OBGc%OBfh%DDfh%DDtk%OBtk%OBfrOBssRCssfDssRDhs" /><g i="2" c="260" charCode="101" p="#^nIIp%pAIppA4rpBQriCtsLDts9GtsNH2r%NHavFFawfDaw7AawcypuWvhs$v2o4wBkfyEi2A4hnC2h%nC2hsF0h0HdjqIalqIvoqI6pnIIp^iEJmeESlFDkl4DOkiCMkyBMkZAjlpASlkAJm" /><g i="3" c="261" charCode="109" p="#^dP$v%VK$v%VKrmVKBlpKblWJMkfJQkNHVkNHvm%NH$v%oD$v%oDrmoDDlYC8lzCLkWBLkkBJkRA9lnAAlgApm%gA$v%$v$v%$vfh%gAfh%gA8ivALhgBvh1CehYCehtFehNG1jhHeiiILhjJfhsKfhoMfhJNmidPEjdP1m" /><g i="4" c="262" charCode="32" p="#" /><g i="5" c="263" charCode="69" p="%^OG$v$v$v$vrcIGrcIGbhUAbhUAYjtGYjtGvoUAvoUAkrOGkr" /><g i="6" c="264" charCode="105" p="#^IAheIApf4A7gszRgnyRggxRgEw7g1wpf1whe1wadEwscgxJbnyIb%nyIbszIb4ArcIAadIAhe^vA$v%dw$v%dwfh%vAfh" /><g i="7" c="265" charCode="103" p="#^BImvBIqylG9ApEFBABFB4zFBmxvA%mxbw1y4x7zAxdA5ylB5yFC5ysDsxlEJwkEqv%kEqv%kE7v$C4wAB4wVy4wkxAtZvqr$vCo1wilxxdj2z8hsB8hNB8h6CbhFDnhkE5i%kEfh%BIfh^kEOp%kErnZDclnCclnAallAAokAYrnCYrZDYrkEOp" /><g i="8" c="266" charCode="104" p="#^HH$v%oD$v%oDpmoDDlVCblqCLkOBMkxAOkgAlm%gA$v%$v$v%$vrc%gArc%gAYhuADhnBjhhC$gkD$g9F$giG0iHHjjHH_l" /><g i="9" c="267" charCode="78" p="%^VK$vsF$v_Aml_A$v$v$v$vrc6CrcKFMlKFrcVKrc" /><g i="10" c="270" charCode="110" p="#^GH$v%nD$v%nDnmnDDlVCblrCLkQBLkvALkdAnm%dA$v%$v$v%$vfh%dAfh%dAcisAOhhBwh6Ceh6Dfh$EkhbGhiGHxjGH5m" /><g i="11" c="271" charCode="83" p="#^8HTh9FQgQDQg4DQgvCbhQBAhQBhiQB$iCCDjGDskLEgl$FimDGdnqHooqHXpqHlsKFeuODkwvAkwvykw$vxv%$viqEwWqLxmrTyOrRzOrJAOrfBqrWBYqWBcqWBnpcBJoJAfoBzunuyJm$xim8wEk8w8i8wHgQwnfnyqcxC9cLE$b8HIc" /><g i="12" c="274" charCode="120" p="%^LIfh9F4oGI$vZD$voCfrGA$v2w$vMzgo$vfhGAfhqCAlZDfh" /><g i="13" c="275" charCode="84" p="%^pIbhwEbhwE$vFz$vFzbh$vbh$vrcpIrc" /><g i="14" c="276" charCode="114" p="#^CDgloCclvBJlJA9msA_mgAyngAGo%gA$v%$v$v%$vfh%gAfh%gAKiJA5iHBFhFCchCDbh" /><g i="15" c="277" charCode="118" p="%^LIfh9F$vBz$v$vfhyAfhnCRqeEfh" /><g i="16" c="278" charCode="70" p="%^EGchUAchUAJlTFJlTFnqUAnqUA$v$v$v$vrcEGrc" /><g i="17" c="279" charCode="111" p="#^BIQkpJvmpJFopJOrNHQtRFbwFCbw%FCbwAzbwDxOt1wOr1wFo1wumQwQkGx4jiz4iRA7hFC7hvE7h2G4iLH2jBIQk^7FIo7FYmpEVlKDWkFCWkDBWkYAYliA_mgAIogAlqXAnrDBpsFCpsIDpsqEor9Fnq7FIo" /><g i="18" c="280" charCode="117" p="#^KH$v%tD$v%tD4vdDvvlCOvuB5wsA4wIy2wsxTu$vwt$vir%$vfh%iAfh%iAJqiAwrMA0sfBvsTBvsaDvssDLq%sDfh%KHfh" /><g i="19" c="281" charCode="79" p="#^$Mdm_M6rVKHtLIkwvEkw8whw$vdmWvph6yMeiA7cvE7cII7cSKMe1Nph$Mdm^SHdmTHYgvEYgRCYg$Bki9BHjaBdmdBtrvEvr%vEvrOHwrSHdm" /><g i="20" c="282" charCode="119" p="%^kOfhVL$vsG$veFgnUD$vsy$v$vfhoAfhuB7qOCfhyHfhSI7qWJfh" /><g i="21" c="283" charCode="99" p="#^IFtvsEawICawlzawAxTt2wWr2wLo2wumTwOkJx$ioz0iZA4hQC4hiE4hBFIh%BFulvEQknDQk4CQkfBJllALmkAIokACqkBDrcCvsyDvsOEvsIFNr" /><g i="22" c="284" charCode="45" p="%^pEun$vun$v_kpE_k" /><g i="23" c="285" charCode="97" p="#^pH$v%1D$v%1DhvNB4wuA4wIy4wqxLu9wqt$vqr%$vqrTv2pqxxnTy5m1B5m3C5m1Dum1DglRC4llCskSAskqyskqxBl%qxNhmzWgNBWgaEWgFFThpH$ipHgl^$CWr%$CZpUCDpwCpp9CapJBcp4BdpDAJpaAdqaAYqaAGrDAbs4BHsJBIsJCLs$CWr" /><g i="24" c="286" charCode="33" p="#^LAfc%LzsqJzvqIzvq%WwvqTwvqTwsq%$vfc$vcc2wcc%IAccLAccLAfc^uAOtuATuUzAvizhwfyfwcxfwCwzv1wSu1wOt1wLsDw2sdxlrfylrgznrTz3suALsuAOt" /><g i="25" c="287" charCode="65" p="#^IJ$v%wE$v%wEws%_Aws%_A$v%$v$v%$vKi$vZfUx3eOz9cJCacIFccIHceIJcgIJ8j^wE6o%wEfjwEqi0ENhwD8hJC8hWB8hsBOh_Asi_Afj%_A6o" /><g i="26" c="288" charCode="82" p="#^8K$v%CE$v%9Ckq%UAkq%UA$v%$v$v%$vrc%YCrc4GrcVHceMJ0gMJajMJVkZIrmaIYnTGUo^FEtjFEsi4ENhoD0h6C0h%UA0h%UATl%6CTlCETlFEtj" /><g i="27" c="289" charCode="86" p="%^PLrcyG$vMA$v$vrckBrcLDap5Grc" /><g i="28" c="290" charCode="108" p="%^gA$v$v$v$vrcgArc" /><g i="29" c="291" charCode="224" p="#^pH$v%1D$v%1DhvNB4wuA4wIy4wqxLu9wqt$vqr%$vqrTv2pqxxnTy5m1B5m3C5m1Dum1DglRC4llCskSAskqyskqxBl%qxNhmzWgNBWgaEWgFFThpH$ipHgl^$CWr%$CZpUCDpwCpp9CapJBcp4BdpDAJpaAdqaAYqaAGrDAbs4BHsJBIsJCLs$CWr^dDcg%9Bcg%azrc%cCrc" /><g i="30" c="292" charCode="107" p="%^HH$vJC$vgAZqgA$v$v$v$vrcgArcgAJllCfhWGfhtDAn" /><g i="31" c="293" charCode="7921" p="#^bEAzbEgAGDNAaDiBrCiB%rCiBJBiBcBNAHAgAHAAzHARycBkyJBPxrCPxaDPxGDkybERybEAz^xIShxIpi7IOiKHbjaHbj%aHbjBGbjbGOiOFpiOFShOFihbGUgBGugaHugKHug7IUgxIihxISh^KHHj%KH$v%tD$v%tD4vdDvvlCOvuB5wsA4wIy2wsxTu$vwt$vir%$vfh%iAfh%iAJqiAwrMA0sfBvsTBvsaDvssDLq%sDfh%mFfhhFxhhFShhFEiRFcjpGLjdHLjuHLjKHHj" /><g i="32" c="294" charCode="115" p="#^yEglICnkFBxkuAIkuABluA7m4BBmUBdnJCRnFDDo9EkpLEdqLEorLEctsDBuZBbwszbwWxbw$vBv%$vFrtw6slxssdyNs$yNsFzNs1AvsyA9syAAryAZq_zsq7zTpxxDo5won5wul5wnkDwnjQx8h$AYgICRgyEnh" /><g i="33" c="295" charCode="226" p="#^pH$v%1D$v%1DhvNB4wuA4wIy4wqxLu9wqt$vqr%$vqrTv2pqxxnTy5m1B5m3C5m1Dum1DglRC4llCskSAskqyskqxBl%qxNhmzWgNBWgaEWgFFThpH$ipHgl^$CWr%$CZpUCDpwCpp9CapJBcp4BdpDAJpaAdqaAYqaAGrDAbs4BHsJBIsJCLs$CWr^cG5g%zD5g%3CTd%yA5g%Tx5g%IArc%nDrc" /><g i="34" c="298" charCode="7845" p="#^pH$v%1D$v%1DhvNB4wuA4wIy4wqxLu9wqt$vqr%$vqrTv2pqxxnTy5m1B5m3C5m1Dum1DglRC4llCskSAskqyskqxBl%qxNhmzWgNBWgaEWgFFThpH$ipHgl^$CWr%$CZpUCDpwCpp9CapJBcp4BdpDAJpaAdqaAYqaAGrDAbs4BHsJBIsJCLs$CWr^ZIx9%$Ghd%WEhd%YFx9^cG5g%zD5g%3CTd%yA5g%Tx5g%IArc%nDrc" /><g i="35" c="299" charCode="121" p="#^LHywLH$yHFiAUDqBaBqBpyqBxwnA%xwswmy$xYA$xtD$xtDkw%tD7vfDvvwCMvNB1wRA1wVy1wBxTu$vst$vzq%$vfh%lAfh%lAIqlAtrPAZriBtsWBtscDtstDJq%tDfh%LHfh" /><g i="36" c="300" charCode="46" p="%^dA$v$v$v$vwrdAwr" /><g i="37" c="301" charCode="417" p="#^7FIo7FYmpEVlKDWkFCWkDBWkYAYliA_mgAIogAlqXAnrDBpsFCpsIDpsqEor9Fnq7FIo^GIShGIpigIOiTHbjjHbj%jHbjLGbjlGOiYFpiYFShYFihlGUgLGugjHugTHuggIUgGIihGISh^VHHjjIckBIQkpJvmpJFopJOrNHQtRFbwFCbwAzbwDxOt1wOr1wFo1wumQwQkGx4jiz4iRA7hFC7h7E7hqFKh%qFShqFEiZFcjxGLjmHLjEHLjVHHj" /><g i="38" c="302" charCode="7875" p="#^nIIp%pAIppA4rpBQriCtsLDts9GtsNH2r%NHavFFawfDaw7AawcypuWvhs$v2o4wBkfyEi2A4hnC2h%nC2hsF0h0HdjqIalqIvoqI6pnIIp^iEJmeESlFDkl4DOkiCMkyBMkZAjlpASlkAJm^FEz8mFf89Gf8iHf83IT8RIu9RIwaRInbkI6cNHScYG6d%YGBd%nFBd%nF2c7G1cuGEbOGkbOGRaOGraDGeamGY9PFY9cFY9FEga^yG5g%UD5g%oCTd%VA5g%dy5g%2Brc%KDrc" /><g i="39" c="303" charCode="7879" p="#^nIIp%pAIppA4rpBQriCtsLDts9GtsNH2r%NHavFFawfDaw7AawcypuWvhs$v2o4wBkfyEi2A4hnC2h%nC2hsF0h0HdjqIalqIvoqI6pnIIp^iEJmeESlFDkl4DOkiCMkyBMkZAjlpASlkAJm^yG5g%UD5g%oCTd%VA5g%dy5g%2Brc%KDrc^bEAzbEgAGDNAaDiBrCiB%rCiBJBiBcBNAHAgAHAAzHARycBkyJBPxrCPxaDPxGDkybERybEAz" /><g i="40" c="304" charCode="7871" p="#^nIIp%pAIppA4rpBQriCtsLDts9GtsNH2r%NHavFFawfDaw7AawcypuWvhs$v2o4wBkfyEi2A4hnC2h%nC2hsF0h0HdjqIalqIvoqI6pnIIp^iEJmeESlFDkl4DOkiCMkyBMkZAjlpASlkAJm^kJx9%mHhd%hFhd%iGx9^yG5g%UD5g%oCTd%VA5g%dy5g%2Brc%KDrc" /><g i="41" c="305" charCode="113" p="#^AIfh%AIrB%iErB%iEivqDVvfC1w%fC1w_B4wIB4wfz4wCxVtZvKr$voo1w8lvxbj_yehnBehJBeh4CfhIDshiE8i%iEfh^iEQp%iEsnYDcllCcllAclkACoiA$rlC$rYD$riEQp" /><g i="42" c="306" charCode="7843" p="#^pH$v%1D$v%1DhvNB4wuA4wIy4wqxLu9wqt$vqr%$vqrTv2pqxxnTy5m1B5m3C5m1Dum1DglRC4llCskSAskqyskqxBl%qxNhmzWgNBWgaEWgFFThpH$ipHgl^$CWr%$CZpUCDpwCpp9CapJBcp4BdpDAJpaAdqaAYqaAGrDAbs4BHsJBIsJCLs$CWr^IA4bpBMacCMalDMa6EobUE$bUE1dUEUdnEDeQDnf$CDf%$C6g%qB6g%qBzeaCyexC9eRCRdRCmdRCXcGCLcpCtcSBtcfBtcIANc" /><g i="43" c="307" charCode="7853" p="#^pH$v%1D$v%1DhvNB4wuA4wIy4wqxLu9wqt$vqr%$vqrTv2pqxxnTy5m1B5m3C5m1Dum1DglRC4llCskSAskqyskqxBl%qxNhmzWgNBWgaEWgFFThpH$ipHgl^$CWr%$CZpUCDpwCpp9CapJBcp4BdpDAJpaAdqaAYqaAGrDAbs4BHsJBIsJCLs$CWr^cG5g%zD5g%3CTd%yA5g%Tx5g%IArc%nDrc^oDAzoDgATCNAnCiBFBiB%FBiBWAiBpANAUzgAUzAzUzRypAkyWAPxFBPxnCPxTCkyoDRyoDAz" /><g i="44" c="308" charCode="112" p="#^AIooBIKrYGVtkF4wTC4wCC4wkC1w%kC1w7BVvgAiv%gArB%$vrB%$vfh%gAfh%gA8iUAshvCfhRCehaDehBFeh3HbjyI8lAIoo^fECofEclcCclCAclgAsn%gAQpDA$rcC$rfE$rfECo" /><g i="45" c="309" charCode="236" p="%^gA$v$v$v$vfhgAfh^5Acg1ycg2wrc4zrc" /><g i="46" c="310" charCode="63" p="#^xFJdtHfftHThtH1kbGTlOEOnGCoo%GCRq%IyRq%IyLlDAIlxBIkhCVjhCHihCGhRBbhcBsgQzsgMxsg$vQh%$vndcyacGAacADacxFJd^TC2uTC5vhCOvIBvwFAvw%FAvwBztw$yNvqy5vqy2uqy$s0zjsDzCrFACrGBCrgCjsTC$sTC2u" /><g i="47" c="311" charCode="89" p="%^qMrcGG9pGG$vNB$vNB9p1wrcQBrcfEDjTGrc" /><g i="48" c="312" charCode="77" p="%^sQ$vsL$vsL4jEI$vND$v_A4j_A$v$v$v$vrcaErcfGFnGIrcsQrc" /><g i="49" c="313" charCode="7901" p="#^7FIo7FYmpEVlKDWkFCWkDBWkYAYliA_mgAIogAlqXAnrDBpsFCpsIDpsqEor9Fnq7FIo^cEcg%7Ccg%9Arc%aDrc^GIShGIpigIOiTHbjjHbj%jHbjLGbjlGOiYFpiYFShYFihlGUgLGugjHugTHuggIUgGIihGISh^VHHjjIckBIQkpJvmpJFopJOrNHQtRFbwFCbwAzbwDxOt1wOr1wFo1wumQwQkGx4jiz4iRA7hFC7h7E7hqFKh%qFShqFEiZFcjxGLjmHLjEHLjVHHj" /><g i="50" c="314" charCode="98" p="#^AIFo%AIFoAIQrLGZt0F1wLC1w7B1wgA5v%gA$v%$v$v%$vrc%gArc%gAWhaBkhkCchDCbhWCbhnFbh_GhjBImlAIFo^fEFohEfldCflDAflgArn%gAOpCA0sdC2seE3sfEFo" /><g i="51" c="315" charCode="7841" p="#^pH$v%1D$v%1DhvNB4wuA4wIy4wqxLu9wqt$vqr%$vqrTv2pqxxnTy5m1B5m3C5m1Dum1DglRC4llCskSAskqyskqxBl%qxNhmzWgNBWgaEWgFFThpH$ipHgl^$CWr%$CZpUCDpwCpp9CapJBcp4BdpDAJpaAdqaAYqaAGrDAbs4BHsJBIsJCLs$CWr^oDAzoDgATCNAnCiBFBiB%FBiBWAiBpANAUzgAUzAzUzRypAkyWAPxFBPxnCPxTCkyoDRyoDAz" /><g i="52" c="316" charCode="7885" p="#^BIQkpJvmpJFopJOrNHQtRFbwFCbw%FCbwAzbwDxOt1wOr1wFo1wumQwQkGx4jiz4iRA7hFC7hvE7h2G4iLH2jBIQk^7FIo7FYmpEVlKDWkFCWkDBWkYAYliA_mgAIogAlqXAnrDBpsFCpsIDpsqEor9Fnq7FIo^sEAzsEgAXDNArDiBJCiB%JCiB_BiBtBNAYAgAYAAzYARytBky_BPxJCPxrDPxXDkysERysEAz" /><g i="53" c="317" charCode="71" p="#^NKIuSHnw6EjwsAdwcyft4woq$v4mWv5iWxsfJz4dFCqcRD9c6F9cbH9c_JZc%_JciLHfghFvgvDHgqC0idBvjaB7m9BcoNBGpxCqr4EGrWEQr4Gkr%4G2p%xD2p%xD2l%NK2l" /><g i="54" c="318" charCode="76" p="%^NG$v$v$v$vrcUArcUAfrNGfr" /><g i="55" c="319" charCode="192" p="#^IJ$v%wE$v%wEws%_Aws%_A$v%$v$v%$vKi$vZfUx3eOz9cJCacIFccIHceIJcgIJ8j^wE6o%wEfjwEqi0ENhwD8hJC8hWB8hsBOh_Asi_Afj%_A6o^CEvb%xCvb%yAL7%ADL7" /><g i="56" c="320" charCode="75" p="%^QJ$v7E$vUARoUA$v$v$v$vrcUArcUAYjeErcaJrcGE2m" /><g i="57" c="321" charCode="72" p="%^tJ$vyE$vyE$qUA$qUA$v$v$v$vrcUArcUAdmyEdmyErctJrc" /><g i="58" c="322" charCode="85" p="#^BJIqBJntsHYuvFmwJCkw_zjw5yVu$vlt$vJq%$vrc%WArc%WAopWAirRCirFEkrFElp%FErc%BJrc" /><g i="59" c="323" charCode="7920" p="#^yEAzyEgA1ENAwDiBOCiB%OCiB4CiBzBNA2BgA2BAz2BRyzBky4CPxOCPxwDPx1EkyyERyyEAz^nK1dnKAdZJ_dAJne0Jne%0JnerIne1I_dEHAdEH1dEHtc1I3crIFb0JFbAJFbZJ3cnKtcnK1d^BJQe%BJIqBJntsHYuvFmwJCkw_zjw5yVu$vlt$vJq%$vrc%WArc%WAopWAirRCirFEkrFElp%FErc%cHrc6HJc6H3d6HPdFHnecIWe$IWejJWeBJQe" /><g i="60" c="324" charCode="67" p="#^WIpveHkwVEkwUCkw9BBvdzOu1yft$vDq$vnm$vmj4x4hdyIeuAndAC7c2F7c0H7cNIXc%NI$hiH8hLF8hUD8hLCmirBJjqBjmoBToQCdq2EorWForGHorWIoq" /><g i="61" c="325" charCode="194" p="#^IJ$v%wE$v%wEws%_Aws%_A$v%$v$v%$vKi$vZfUx3eOz9cJCacIFccIHceIJcgIJ8j^wE6o%wEfjwEqi0ENhwD8hJC8hWB8hsBOh_Asi_Afj%_A6o^ZGob%iEob%OCa9%iBob%Fyob%uBL7%9EL7" /><g i="62" c="326" charCode="7844" p="%^IJ$vwE$vwEws_Aws_A$v$v$v$vKi#$vZfUx3e#Oz9cJCac#IFccIHce#IJcgIJ8j^wE6owEfj#wEqi0ENh#wD8hJC8h#WB8hsBOh#_Asi_Afj_A6o^ZGobiEobOCa9iBobFyobuBL79EL7^QJR4SHC8NFC8OGR4" /><g i="63" c="327" charCode="416" p="#^SHdmTHYgvEYgRCYg$Bki9BHjaBdmdBtrvEvr%vEvrOHwrSHdm^cL1dcLAdPK_dqKneSJne%SJnehJneTI_duIAduI1duItcTI3chJFbSJFbqKFbPK3ccLtccL1d^MKEePKIeTKMe1Nph$Mdm_M6rVKHtLIkwvEkw8whw$vdmWvph6yMeiA7cvE7ctG7c_HIcYHVcYH6dYHRduIoe1JWeNJWekKWeMKEe" /><g i="64" c="328" charCode="7874" p="#^OG$v%$v$v%$vrc%IGrc%IGbh%UAbh%UAYj%tGYj%tGvo%UAvo%UAkr%OGkr^ADU3hEA34FA3eGA3$Gb4MHO4MHR5MHH6fHq7IGb8TFq8%TFW8%iEW8%iEn73Fm7pFZ6JFE6JFa6JFL5yFz5iFh5KEh57Eh5ADA5^qFob%NCob%hBa9%Mzob%5xob%XzL7%CCL7" /><g i="65" c="329" charCode="7878" p="#^OG$v%$v$v%$vrc%IGrc%IGbh%UAbh%UAYj%tGYj%tGvo%UAvo%UAkr%OGkr^qFob%NCob%hBa9%Mzob%5xob%XzL7%CCL7^9DAz9DgAECNA7CiBoBiB%oBiBGAiB9ANAFzgAFzAzFzRy9AkyGAPxoBPx7CPxECky9DRy9DAz" /><g i="66" c="330" charCode="7870" p="%^OG$v$v$v$vrcIGrcIGbhUAbhUAYjtGYjtGvoUAvoUAkrOGkr^fIR4hGC8cEC8eFR4^qFobNCobhBa9Mzob5xobXzL7CCL7" /><g i="67" c="331" charCode="81" p="#^$Mfm_MBstJ$uDKbvcLbv1MbvLMVu%LMOyOLczDKczNJcz7IRytGuyDFuyqEuy9DRy%aDfw7wsv$vfmWvph6yNeiA9cvE9cGI9cRKOe1Nqh$Mfm^SHfmSHZgvEZgRCZg$Bli9BJjaBfmdBvrvEwr%vEwrQHwrSHfm" /><g i="68" c="332" charCode="7842" p="#^IJ$v%wE$v%wEws%_Aws%_A$v%$v$v%$vKi$vZfUx3eOz9cJCacIFccIHceIJcgIJ8j^wE6o%wEfjwEqi0ENhwD8hJC8hWB8hsBOh_Asi_Afj%_A6o^XAe6EBW5rCW5ADW5lEx67F877Fb87F19CEM93ExadDMa%dDgb%FBgb%FBJ9pCI9MCj93D_83Dw83D58UCV7ECD75CD7uBD7XAW7" /><g i="69" c="333" charCode="7852" p="#^IJ$v%wE$v%wEws%_Aws%_A$v%$v$v%$vKi$vZfUx3eOz9cJCacIFccIHceIJcgIJ8j^wE6o%wEfjwEqi0ENhwD8hJC8hWB8hsBOh_Asi_Afj%_A6o^ZGob%iEob%OCa9%iBob%Fyob%uBL7%9EL7^sEAzsEgAXDNArDiBJCiB%JCiB_BiBtBNAYAgAYAAzYARytBky_BPxJCPxrDPxXDkysERysEAz" /><g i="70" c="334" charCode="80" p="#^EJgkBJynIHKpQFWr$CWr%UAWr%UA$v%$v$v%$vrc%YCrcZFrcPHHeGJWgEJgk^LEnkLEZi9E5itD5h7C5h%UA5h%UABn%7CBnIEBnLEnk" /><g i="71" c="335" charCode="204" p="%^TA$v$v$v$vrcTArc^lAvbgyvbjwL7jzL7" /><g i="72" c="336" charCode="218" p="#^BJIqBJntsHYuvFmwJCkw_zjw5yVu$vlt$vJq%$vrc%WArc%WAopWAirRCirFEkrFElp%FErc%BJrc^7FL7%9Dvb%4Bvb%6CL7" /><g i="73" c="337" charCode="7914" p="#^CEvb%xCvb%yAL7%ADL7^nK1dnKAdZJ_dAJne0Jne%0JnerIne1I_dEHAdEH1dEHtc1I3crIFb0JFbAJFbZJ3cnKtcnK1d^BJQe%BJIqBJntsHYuvFmwJCkw_zjw5yVu$vlt$vJq%$vrc%WArc%WAopWAirRCirFEkrFElp%FErc%cHrc6HJc6H3d6HPdFHnecIWe$IWejJWeBJQe" /><g i="74" c="338" charCode="66" p="#^jIoqpIRstGtuFE$v9C$v%$v$v%$vrc%$BrcfErcVFYdAHtfHHIhSHnkTF9maIGnjIoq^3DDi0DYhyCth4CZgqBZg%UAZg%UAjk%rBjk7CkkBCQj3Dkj3DDi^iDDpfD_oPCzonC7oOB7o%UA7o%UAir%TBirvCirWCOqlDiqiDDp" /><g i="75" c="339" charCode="7840" p="#^IJ$v%wE$v%wEws%_Aws%_A$v%$v$v%$vKi$vZfUx3eOz9cJCacIFccIHceIJcgIJ8j^wE6o%wEfjwEqi0ENhwD8hJC8hWB8hsBOh_Asi_Afj%_A6o^sEAzsEgAXDNArDiBJCiB%JCiB_BiBtBNAYAgAYAAzYARytBky_BPxJCPxrDPxXDkysERysEAz" /><g i="76" c="340" charCode="7913" p="#^VErc%WCcg%RAcg%TBrc^xIShxIpi7IOiKHbjaHbj%aHbjBGbjbGOiOFpiOFShOFihbGUgBGugaHugKHug7IUgxIihxISh^KHHj%KH$v%tD$v%tD4vdDvvlCOvuB5wsA4wIy2wsxTu$vwt$vir%$vfh%iAfh%iAJqiAwrMA0sfBvsTBvsaDvssDLq%sDfh%mFfhhFxhhFShhFEiRFcjpGLjdHLjuHLjKHHj" /><g i="77" c="341" charCode="225" p="#^pH$v%1D$v%1DhvNB4wuA4wIy4wqxLu9wqt$vqr%$vqrTv2pqxxnTy5m1B5m3C5m1Dum1DglRC4llCskSAskqyskqxBl%qxNhmzWgNBWgaEWgFFThpH$ipHgl^$CWr%$CZpUCDpwCpp9CapJBcp4BdpDAJpaAdqaAYqaAGrDAbs4BHsJBIsJCLs$CWr^zErc%ACcg%vAcg%xBrc" /><g i="78" c="342" charCode="7867" p="#^nIIp%pAIppA4rpBQriCtsLDts9GtsNH2r%NHavFFawfDaw7AawcypuWvhs$v2o4wBkfyEi2A4hnC2h%nC2hsF0h0HdjqIalqIvoqI6pnIIp^iEJmeESlFDkl4DOkiCMkyBMkZAjlpASlkAJm^2B4bMBMazCMaIDMatEobeF$beF1deFUdKEDeaEnflDDf%lD6g%NB6g%NBzexCyeUC9ebDRdbDmdbDXc0DLcMCtcdCtcCBtc2BNc" /><g i="79" c="343" charCode="7915" p="#^iDcg%dBcg%fzrc%hCrc^xIShxIpi7IOiKHbjaHbj%aHbjBGbjbGOiOFpiOFShOFihbGUgBGugaHugKHug7IUgxIihxISh^KHHj%KH$v%tD$v%tD4vdDvvlCOvuB5wsA4wIy2wsxTu$vwt$vir%$vfh%iAfh%iAJqiAwrMA0sfBvsTBvsaDvssDLq%sDfh%mFfhhFxhhFShhFEiRFcjpGLjdHLjuHLjKHHj" /><g i="80" c="344" charCode="273" p="#^kEOp%kErnZDflnCflkAfllAFolA3snC2sZD0skEOp^kEXd%kErc%AIwb%AI$v%nE$v%kEbvtD4wTB4wBz4wSx$t1wQr$vFoZvmlBxhjdzbhGBbhZBbhfCchoDkhkEWh%kEig%DBig%DBXd" /><g i="81" c="345" charCode="7863" p="#^pH$v%1D$v%1DhvNB4wuA4wIy4wqxLu9wqt$vqr%$vqrTv2pqxxnTy5m1B5m3C5m1Dum1DglRC4llCskSAskqyskqxBl%qxNhmzWgNBWgaEWgFFThpH$ipHgl^$CWr%$CZpUCDpwCpp9CapJBcp4BdpDAJpaAdqaAYqaAGrDAbs4BHsJBIsJCLs$CWr^tDPc%NFPcDF2eYEUeWDagcCagzAagwzUeQy2eIyPc%$APc4BfdiBBdFB7ecC7eMC7e9DBdoDgdtDPc^oDAzoDgATCNAnCiBFBiB%FBiBWAiBpANAUzgAUzAzUzRypAkyWAPxFBPxnCPxTCkyoDRyoDAz" /><g i="82" c="346" charCode="432" p="#^xIShxIpi7IOiKHbjaHbj%aHbjBGbjbGOiOFpiOFShOFihbGUgBGugaHugKHug7IUgxIihxISh^KHHj%KH$v%tD$v%tD4vdDvvlCOvuB5wsA4wIy2wsxTu$vwt$vir%$vfh%iAfh%iAJqiAwrMA0sfBvsTBvsaDvssDLq%sDfh%mFfhhFxhhFShhFEiRFcjpGLjdHLjuHLjKHHj" /><g i="83" c="347" charCode="7882" p="#^TA$v%$v$v%$vrc%TArc^5AAz5AgAAzNA4ziBlyiB%lyiBDxiB6xNABwgABwAzBwRy6xkyDxPxlyPx4zPxAzky5ARy5AAz" /><g i="84" c="348" charCode="44" p="%^dAvr5y9ymv9y$vvr" /><g i="85" c="349" charCode="272" p="#^xMfmvMUqkKstaI$v9E$v%Bx$v%Bxun%$vun%$vYk%BxYk%Bxrc%cErcfIrcoK0fyMBhxMfm^mHdmmHNjvGsiFF7h2E7h%tC8h%tCYk%DEYk%DEun%tCun%tClr%2ElrmHlrmHdm" /><g i="86" c="350" charCode="201" p="%^OG$v$v$v$vrcIGrcIGbhUAbhUAYjtGYjtGvoUAvoUAkrOGkr^6EL77Cvb2Avb4BL7" /><g i="87" c="351" charCode="193" p="#^IJ$v%wE$v%wEws%_Aws%_A$v%$v$v%$vKi$vZfUx3eOz9cJCacIFccIHceIJcgIJ8j^wE6o%wEfjwEqi0ENhwD8hJC8hWB8hsBOh_Asi_Afj%_A6o^kFL7%lDvb%hBvb%iCL7" /><g i="88" c="352" charCode="237" p="%^gA$v$v$v$vfhgAfh^gArciycgdwcgfxrc" /><g i="89" c="353" charCode="7873" p="#^nIIp%pAIppA4rpBQriCtsLDts9GtsNH2r%NHavFFawfDaw7AawcypuWvhs$v2o4wBkfyEi2A4hnC2h%nC2hsF0h0HdjqIalqIvoqI6pnIIp^iEJmeESlFDkl4DOkiCMkyBMkZAjlpASlkAJm^kHpd%fFpd%hDF9%iGF9^yG5g%UD5g%oCTd%VA5g%dy5g%2Brc%KDrc" /><g i="90" c="354" charCode="7911" p="#^KH$v%tD$v%tD4vdDvvlCOvuB5wsA4wIy2wsxTu$vwt$vir%$vfh%iAfh%iAJqiAwrMA0sfBvsTBvsaDvssDLq%sDfh%KHfh^lA4b2BMaRBMa$CMaMDobxE$bxE1dxEUd0EDetDnfECDf%EC6g%3B6g%3BzeQByeaC9euCRduCmduCXcjCLc3CtcvBtcUAtclANc" /><g i="91" c="355" charCode="100" p="#^AI$v%nE$v%kEbvtD4wTB4wBz4wSx$t1wQr$vFo%$vFoZvmlBxhjdzbhGBbh_BbhfCchoDkhkEWh%kErc%AIrc^kEOp%kErnZDflnCflkAfllAFolA3snC2sZD0skEOp" /><g i="92" c="356" charCode="205" p="%^TA$v$v$v$vrcTArc^DAL7FyvbAwvbBxL7" /><g i="93" c="357" charCode="68" p="#^WKfmVKUqKIstAG$vzC$v%$v$v%$vrc%CCrcEGrcOI0fYKBhWKfm^LFdmLFNjUEsi2E7hqC7h%UA7h%UAlr%qClrLFlrLFdm" /><g i="94" c="358" charCode="7908" p="#^BJIqBJntsHYuvFmwJCkw_zjw5yVu$vlt$vJq%$vrc%WArc%WAopWAirRCirFEkrFElp%FErc%BJrc^yEAzyEgA1ENAwDiBOCiB%OCiB4CiBzBNA2BgA2BAz2BRyzBky4CPxOCPxwDPx1EkyyERyyEAz" /><g i="95" c="359" charCode="7910" p="#^BJIqBJntsHYuvFmwJCkw_zjw5yVu$vlt$vJq%$vrc%WArc%WAopWAirRCirFEkrFElp%FErc%BJrc^pBe66CW5VCW53EW5QEx6BF87BFb8BF194FM9xExaIDMa%IDgb%7Cgb%7CJ9UCI9eDj9yD_8yDw8yD58nDV76DD7zCD7YBD7pBW7" /><g i="96" c="362" charCode="234" p="#^nIIp%pAIppA4rpBQriCtsLDts9GtsNH2r%NHavFFawfDaw7AawcypuWvhs$v2o4wBkfyEi2A4hnC2h%nC2hsF0h0HdjqIalqIvoqI6pnIIp^iEJmeESlFDkl4DOkiCMkyBMkZAjlpASlkAJm^yG5g%UD5g%oCTd%VA5g%dy5g%2Brc%KDrc" /><g i="97" c="363" charCode="7899" p="#^7FIo7FYmpEVlKDWkFCWkDBWkYAYliA_mgAIogAlqXAnrDBpsFCpsIDpsqEor9Fnq7FIo^eFrc%fDcg%aBcg%cCrc^GIShGIpigIOiTHbjjHbj%jHbjLGbjlGOiYFpiYFShYFihlGUgLGugjHugTHuggIUgGIihGISh^VHHjjIckBIQkpJvmpJFopJOrNHQtRFbwFCbwAzbwDxOt1wOr1wFo1wumQwQkGx4jiz4iRA7hFC7h7E7hqFKh%qFShqFEiZFcjxGLjmHLjEHLjVHHj" /><g i="98" c="364" charCode="250" p="#^KH$v%tD$v%tD4vdDvvlCOvuB5wsA4wIy2wsxTu$vwt$vir%$vfh%iAfh%iAJqiAwrMA0sfBvsTBvsaDvssDLq%sDfh%KHfh^NErc%OCcg%JAcg%LBrc" /><g i="99" c="365" charCode="8220" p="%^1wrcgz0i4B0idzrc^1ArcOB0iCD0idDrc" /><g i="100" c="366" charCode="8221" p="%^ADrckA0ixy0inArc^AzrcOx0i$v0inwrc" /><g i="101" c="367" charCode="62" p="%^ZH4q$v$v$vtrlECo$vJl$vfhZH7n" /><g i="102" c="368" charCode="7884" p="#^$Mdm_M6rVKHtLIkwvEkw8whw$vdmWvph6yMeiA7cvE7cII7cSKMe1Nph$Mdm^SHdmTHYgvEYgRCYg$Bki9BHjaBdmdBtrvEvr%vEvrOHwrSHdm^fGAzfGgAKFNAeFiBvEiB%vEiBNDiBgDNALCgALCAzLCRygDkyNDPxvEPxeFPxKFkyfGRyfGAz" /><g i="103" c="369" charCode="7888" p="#^$Mdm_M6rVKHtLIkwvEkw8whw$vdmWvph6yMeiA7cvE7cII7cSKMe1Nph$Mdm^SHdmTHYgvEYgRCYg$Bki9BHjaBdmdBtrvEvr%vEvrOHwrSHdm^xLR4%yJC8%tHC8%vIR4^EIob%$Fob%vEa9%_Cob%kAob%9DL7%QFL7" /><g i="104" c="370" charCode="243" p="#^BIQkpJvmpJFopJOrNHQtRFbwFCbw%FCbwAzbwDxOt1wOr1wFo1wumQwQkGx4jiz4iRA7hFC7hvE7h2G4iLH2jBIQk^7FIo7FYmpEVlKDWkFCWkDBWkYAYliA_mgAIogAlqXAnrDBpsFCpsIDpsqEor9Fnq7FIo^eFrc%fDcg%aBcg%cCrc" /><g i="105" c="371" charCode="233" p="#^nIIp%pAIppA4rpBQriCtsLDts9GtsNH2r%NHavFFawfDaw7AawcypuWvhs$v2o4wBkfyEi2A4hnC2h%nC2hsF0h0HdjqIalqIvoqI6pnIIp^iEJmeESlFDkl4DOkiCMkyBMkZAjlpASlkAJm^6Frc%7Dcg%2Bcg%4Crc" /><g i="106" c="372" charCode="211" p="#^$Mdm_M6rVKHtLIkwvEkw8whw$vdmWvph6yMeiA7cvE7cII7cSKMe1Nph$Mdm^SHdmTHYgvEYgRCYg$Bki9BHjaBdmdBtrvEvr%vEvrOHwrSHdm^5HL7%7Fvb%3Dvb%4EL7" /><g i="107" c="373" charCode="7892" p="#^$Mdm_M6rVKHtLIkwvEkw8whw$vdmWvph6yMeiA7cvE7cII7cSKMe1Nph$Mdm^SHdmTHYgvEYgRCYg$Bki9BHjaBdmdBtrvEvr%vEvrOHwrSHdm^SGU3AHA3mIA3wJA3hKb42LO42LR52LH6xKq7_Jb89Jq8%9JW8%AHW8%AHn7lIm7HIZ6$IE6$Ia6$IL5QIz5AIh51Ih5pHh5SGA5^EIob%$Fob%vEa9%_Cob%kAob%9DL7%QFL7" /><g i="108" c="374" charCode="202" p="%^OG$v$v$v$vrcIGrcIGbhUAbhUAYjtGYjtGvoUAvoUAkrOGkr^qFobNCobhBa9Mzob5xobXzL7CCL7" /><g i="109" c="375" charCode="7868" p="#^OG$v%$v$v%$vrc%IGrc%IGbh%UAbh%UAYj%tGYj%tGvo%UAvo%UAkr%OGkr^_A_86Ch9uCh9hDh9hDn8%hFn8hFhbrDhbRChbIBXaAABaeABaCzBaCzjb%wxjbwxH8jzH8SzH8_A_8" /><g i="110" c="376" charCode="212" p="#^$Mdm_M6rVKHtLIkwvEkw8whw$vdmWvph6yMeiA7cvE7cII7cSKMe1Nph$Mdm^SHdmTHYgvEYgRCYg$Bki9BHjaBdmdBtrvEvr%vEvrOHwrSHdm^EIob%$Fob%vEa9%_Cob%kAob%9DL7%QFL7" /><g i="111" c="377" charCode="431" p="#^nK1dnKAdZJ_dAJne0Jne%0JnerIne1I_dEHAdEH1dEHtc1I3crIFb0JFbAJFbZJ3cnKtcnK1d^BJQe%BJIqBJntsHYuvFmwJCkw_zjw5yVu$vlt$vJq%$vrc%WArc%WAopWAirRCirFEkrFElp%FErc%cHrc6HJc6H3d6HPdFHnecIWe$IWejJWeBJQe" /><g i="112" c="378" charCode="7902" p="#^SHdmTHYgvEYgRCYg$Bki9BHjaBdmdBtrvEvr%vEvrOHwrSHdm^OCe6vDW5iEW5sFW5dGx6_G87_Gb8_G19tGM9WFxa5FMa%5Fgb%wDgb%wDJ9hEI9DEj9XE_8XEw8XE58MEV7wED7YDD7lDD7OCW7^cL1dcLAdPK_dqKneSJne%SJnehJneTI_duIAduI1duItcTI3chJFbSJFbqKFbPK3ccLtccL1d^MKEePKIeTKMe1Nph$Mdm_M6rVKHtLIkwvEkw8whw$vdmWvph6yMeiA7cvE7ctG7c_HIcYHVcYH6dYHRduIoe1JWeNJWekKWeMKEe" /><g i="113" c="379" charCode="244" p="#^BIQkpJvmpJFopJOrNHQtRFbwFCbw%FCbwAzbwDxOt1wOr1wFo1wumQwQkGx4jiz4iRA7hFC7hvE7h2G4iLH2jBIQk^7FIo7FYmpEVlKDWkFCWkDBWkYAYliA_mgAIogAlqXAnrDBpsFCpsIDpsqEor9Fnq7FIo^UG5g%eE5g%JCTd%dB5g%xy5g%oBrc%1Erc" /><g i="114" c="380" charCode="7847" p="#^pH$v%1D$v%1DhvNB4wuA4wIy4wqxLu9wqt$vqr%$vqrTv2pqxxnTy5m1B5m3C5m1Dum1DglRC4llCskSAskqyskqxBl%qxNhmzWgNBWgaEWgFFThpH$ipHgl^$CWr%$CZpUCDpwCpp9CapJBcp4BdpDAJpaAdqaAYqaAGrDAbs4BHsJBIsJCLs$CWr^ZGpd%VEpd%WCF9%YFF9^cG5g%zD5g%3CTd%yA5g%Tx5g%IArc%nDrc" /><g i="115" c="381" charCode="7880" p="#^TA$v%$v$v%$vrc%TArc^Hwe6oxW5byW5kzW55Ax6TA87TAb8TA19mAM9Pzxa_yMa%_ygb%pxgb%pxJ99yI9wyj9Py_8Pyw8Py58FyV7oyD7RxD7exD7HwW7" /><g i="116" c="382" charCode="7906" p="#^SHdmTHYgvEYgRCYg$Bki9BHjaBdmdBtrvEvr%vEvrOHwrSHdm^fGAzfGgAKFNAeFiBvEiB%vEiBNDiBgDNALCgALCAzLCRygDkyNDPxvEPxeFPxKFkyfGRyfGAz^cL1dcLAdPK_dqKneSJne%SJnehJneTI_duIAduI1duItcTI3chJFbSJFbqKFbPK3ccLtccL1d^MKEePKIeTKMe1Nph$Mdm_M6rVKHtLIkwvEkw8whw$vdmWvph6yMeiA7cvE7ctG7c_HIcYHVcYH6dYHRduIoe1JWeNJWekKWeMKEe" /><g i="117" c="383" charCode="7862" p="#^IJ$v%wE$v%wEws%_Aws%_A$v%$v$v%$vKi$vZfUx3eOz9cJCacIFccIHceIJcgIJ8j^wE6o%wEfjwEqi0ENhwD8hJC8hWB8hsBOh_Asi_Afj%_A6o^4E08%oG08eGf9zF5axEnbPCnbaBnb7A5arzf9jz08%CB08HBs8VBO8gCk9PCk9nDk9MDO8$Dt84E08^sEAzsEgAXDNArDiBJCiB%JCiB_BiBtBNAYAgAYAAzYARytBky_BPxJCPxrDPxXDkysERysEAz" /><g i="118" c="384" charCode="195" p="#^IJ$v%wE$v%wEws%_Aws%_A$v%$v$v%$vKi$vZfUx3eOz9cJCacIFccIHceIJcgIJ8j^wE6o%wEfjwEqi0ENhwD8hJC8hWB8hsBOh_Asi_Afj%_A6o^rCk8zDD8XDD8KED8KEJ7%KGJ7KGDaUEDahEDa9Dha1CX9HBX93BX93BFa%ZyFaZy18MA18jB18rCk8" /><g i="119" c="385" charCode="7897" p="#^BIQkpJvmpJFopJOrNHQtRFbwFCbw%FCbwAzbwDxOt1wOr1wFo1wumQwQkGx4jiz4iRA7hFC7hvE7h2G4iLH2jBIQk^7FIo7FYmpEVlKDWkFCWkDBWkYAYliA_mgAIogAlqXAnrDBpsFCpsIDpsqEor9Fnq7FIo^UG5g%eE5g%JCTd%dB5g%xy5g%oBrc%1Erc^sEAzsEgAXDNArDiBJCiB%JCiB_BiBtBNAYAgAYAAzYARytBky_BPxJCPxrDPxXDkysERysEAz" /><g i="120" c="386" charCode="7891" p="#^BIQkpJvmpJFopJOrNHQtRFbwFCbw%FCbwAzbwDxOt1wOr1wFo1wumQwQkGx4jiz4iRA7hFC7hvE7h2G4iLH2jBIQk^7FIo7FYmpEVlKDWkFCWkDBWkYAYliA_mgAIogAlqXAnrDBpsFCpsIDpsqEor9Fnq7FIo^AHpd%vFpd%wDF9%yGF9^UG5g%eE5g%JCTd%dB5g%xy5g%oBrc%1Erc" /><g i="121" c="387" charCode="7896" p="#^$Mdm_M6rVKHtLIkwvEkw8whw$vdmWvph6yMeiA7cvE7cII7cSKMe1Nph$Mdm^SHdmTHYgvEYgRCYg$Bki9BHjaBdmdBtrvEvr%vEvrOHwrSHdm^EIob%$Fob%vEa9%_Cob%kAob%9DL7%QFL7^fGAzfGgAKFNAeFiBvEiB%vEiBNDiBgDNALCgALCAzLCRygDkyNDPxvEPxeFPxKFkyfGRyfGAz" /><g i="122" c="388" charCode="7890" p="#^$Mdm_M6rVKHtLIkwvEkw8whw$vdmWvph6yMeiA7cvE7cII7cSKMe1Nph$Mdm^SHdmTHYgvEYgRCYg$Bki9BHjaBdmdBtrvEvr%vEvrOHwrSHdm^xJC8%sHC8%tFR4%vIR4^EIob%$Fob%vEa9%_Cob%kAob%9DL7%QFL7" /><g i="123" c="389" charCode="7866" p="#^OG$v%$v$v%$vrc%IGrc%IGbh%UAbh%UAYj%tGYj%tGvo%UAvo%UAkr%OGkr^5Ae6OAW5BBW5KCW5vDx6hE87hEb8hE19MDM9dDxaoCMa%oCgb%PAgb%PAJ9zBI9WBj9dC_8dCw8dC583CV7OBD7fBD7EAD75AW7" /><g i="124" c="390" charCode="200" p="%^OG$v$v$v$vrcIGrcIGbhUAbhUAYjtGYjtGvoUAvoUAkrOGkr^6Dvb1Bvb2zL74CL7" /><g i="125" c="391" charCode="7883" p="#^IAheIApf4A7gszRgnyRggxRgEw7g1wpf1whe1wadEwscgxJbnyIb%nyIbszIb4ArcIAadIAhe^vA$v%dw$v%dwfh%vAfh^fAAzfAgAKzNAdziBvyiB%vyiBMxiBfxNALwgALwAzLwRyfxkyMxPxvyPxdzPxKzkyfARyfAAz" /><g i="126" c="392" charCode="232" p="#^nIIp%pAIppA4rpBQriCtsLDts9GtsNH2r%NHavFFawfDaw7AawcypuWvhs$v2o4wBkfyEi2A4hnC2h%nC2hsF0h0HdjqIalqIvoqI6pnIIp^iEJmeESlFDkl4DOkiCMkyBMkZAjlpASlkAJm^ODcg%JBcg%Lzrc%NCrc" /><g i="127" c="393" charCode="7877" p="#^nIIp%pAIppA4rpBQriCtsLDts9GtsNH2r%NHavFFawfDaw7AawcypuWvhs$v2o4wBkfyEi2A4hnC2h%nC2hsF0h0HdjqIalqIvoqI6pnIIp^iEJmeESlFDkl4DOkiCMkyBMkZAjlpASlkAJm^ZCt95EM9tEM9gFM9gFT8%gHT8gHMbqFMbQEMbHDqbzC4bdC4bCB4bCBOb%vzObvza9jBa9RBa9ZCt9^yG5g%UD5g%oCTd%VA5g%dy5g%2Brc%KDrc" /><g i="128" c="394" charCode="88" p="%^aMrcGHOl5M$v7G$v6E6qUB$v4w$vIAVl$vrcUBrc9ELh7Grc" /><g i="129" c="395" charCode="7876" p="#^OG$v%$v$v%$vrc%IGrc%IGbh%UAbh%UAYj%tGYj%tGvo%UAvo%UAkr%OGkr^NBO4UC55hD553E553Eb4%4Gb44G57eE57DD57vCL6nBp61Bp6pAp6pA77%jy77jyv46Av4FAv4NBO4^qFob%NCob%hBa9%Mzob%5xob%XzL7%CCL7" /></glyphs></font><font id="50" name="Open Sans Semibold Charset1_ 5mtSllRmhaO"><glyphs><g i="0" c="384" charCode="83" p="#^FI9rFIxtWGUucFfwaCfw9zfwdxjv%dxysry7tPzstbBNtnCNt6ENtWE7tLFtsLFmrLFlq$EFpfEYoTB$nrz0nqyLlqxtkqxHiqxsg0zafCAUdhDUdRFUdnI0f%sHoh4FogcDogNBog2B0hkADhkAEikAljCARjVAkkABMkfCcl$DWlZFLmTGsnOH9odI3pFIYpFI9r" /><g i="1" c="385" charCode="84" p="%^wE$vBB$vBBFgmwFgmw9eMJ9eMJFgwEFg" /><g i="2" c="386" charCode="65" p="%^rJ$vEH2rQA2r4z$v$v$vGC4eSF4exM$v^TGxocFGj#0FbjHE8i#nE4hfEBg#WD5ihDTjGBxo" /><g i="3" c="387" charCode="82" p="#^hBsm%iDsmlFsmfGIlaHXkaHsjaHXhaGhhbFDgcDDg%hBDg^hBTo%hB$v%my$v%my9e%pD9eSG9ewIsfaKLgaKmjaKHmIG6o%LL$v%rI$v%9ETo" /><g i="4" c="388" charCode="32" p="#" /><g i="5" c="389" charCode="79" p="#^bO3nbOqr0MRtRJfwRFfwPBfwEzSttxsrtx1ntxCiEzfgQBTdTFTdRJTd0MhgbOHibO3n^AA3nAAmqVB3seDMtRFMtsIMtMJ4s5Loq5L3n5LMjNJ4itIngTFngfDngVB4iAAMjAA3n" /><g i="6" c="390" charCode="86" p="#^wI9e%yL9e%iF$v%dC$v%$v9e%$y9e%JCfp0D2qlDirGDysND9tXDesgE0rBENpOEcp" /><g i="7" c="391" charCode="69" p="%^sI$vmy$vmy9esI9esIDghBDghBul$Hul$HWnhBWnhBwtsIwt" /><g i="8" c="392" charCode="74" p="#^5w_AVu_A5uGA%5uey7vuyTvuygyuygysv%gy9e%cB9e%cBmvcB5yUzxzBy_A5w_A" /><g i="9" c="393" charCode="85" p="#^mM9e%mMIpmMHrvLatFKFu2JsvrHfwcFfwUBfw2AvucyKscyFp%cy9e%7B9e%7Bsp7BGr9CJsbDMtjFMtrJMtrJrp%rJ9e" /><g i="10" c="394" charCode="77" p="%^4G$vUA5hOA5h#$Aqk$Akn$A$vmy$vmy9etC9eqHlsvHlsCM9eKQ9eKQ$vWN$vWNan#WNRl_NJj#3OAh6O7h0O7hFI$v" /><g i="11" c="395" charCode="80" p="#^aKyjaKlmkIRnvGkp7Dkp%gBkp%gB$v%my$v%my9e%vD9eQG9evIxfaKUgaKyj^gBTm%QCTm3FTm6G5m9Hjl9HFj9H6idGmhhFBgiDBg%gBBg" /><g i="12" c="396" charCode="72" p="%^rM$vvJ$vvJYnhBYnhB$vmy$vmy9ehB9ehBslvJslvJ9erM9e" /><g i="13" c="397" charCode="76" p="%^my$vmy9egB9egBvtQIvtQI$v" /><g i="14" c="398" charCode="70" p="%^fB$vmy$vmy9erI9erIDgfBDgfBcm_Hcm_HHofBHo" /><g i="15" c="399" charCode="73" p="%^my$vmy9egB9egB$v" /><g i="16" c="400" charCode="78" p="%^dN$vEJ$vTANhMANhQAAi#$ARk$AJm$A$vmy$vmy9eUB9eEKisJKis#IK0sDKgq#yKvoyKvnyK9edN9e" /><g i="17" c="401" charCode="75" p="#^_L$v%CI$v%$CWn%hBkp%hB$v%my$v%my9e%hB9e%hBGmtCclFDSj%uI9e%OL9e7HFj5F_l" /></glyphs></font><font id="60" name="UTM American SansBold Charset1_ 6Nast4WGqee"><glyphs><g i="0" c="256" charCode="80" p="#^UJ$jQJznVHNp$F$r6D$r%iB$r%iB$v%$v$v%$vlc%3Dlc9Glc1IDeVJUgUJ$j^AEmkAE3j2EgirDohgCoh%iBoh%iBhn%gChnxEhnAEmk" /><g i="1" c="257" charCode="73" p="%^hB$v$v$v$vlchBlc" /><g i="2" c="260" charCode="67" p="#^aJjvkHkwZEkwYCkwcBBvfzNu1ydt$vAq$vjm$vij4x0heyDewAhdDC1c7F1c6H1c1JWc%1JgigHrhPFrh6Erh2DyiQBPjPBgmNBFo6DWpeE$q_F$qCH$qaJ$p" /><g i="3" c="261" charCode="75" p="%^3K$v3E$viB_oiB$v$v$v$vlciBlciBHj9ElcqJlc0F$l" /><g i="4" c="262" charCode="32" p="#" /><g i="5" c="263" charCode="65" p="#^XJ$v%mE$v%mEBs%oBBs%oB$v%$v$v%$vKi$vXfWx$dSz2cRC4cTF6cVH8eXJagXJ8j^mEMn%mEfjmExiWD_hvDrhRCrhbCrhNB$hoByioBfj%oBMn" /><g i="6" c="264" charCode="83" p="#^qH9i9F7hWD7hgD7hGCthcCLhcCiicCUiTCqj1Esk1F4lfG4mWG5nIHeoIHPpIHgsNFgu0EkwGAkwFykw$vtv%$vVp1xAq4y_q7zor0AorOAoryB0rPBGqPB3qPBmp8BMoIAkoCzBnwyRm2yqm8wKk8w9i8wGgRwlfqykcEC3cSEVbqHFc" /><g i="7" c="265" charCode="81" p="#^aNbm9NysJJEuCKJu9LJuWLJuWMqu%WMFyNL8zBK8zKJ8z6INyuGryHFryyEry0DNy%1Ddw7wrv$vbmWvmh7yIelA2cAE2cOI2c$KJecNnhaNbm^DHbmDHghAEgh6DghkCxiyBNjABbmDB5rAE7r%AE7rBH7rDHbm" /><g i="8" c="266" charCode="85" p="#^QJzqQJitDHWuEFlwRCkw3Aiw9yTu$vht$vAq%$vlc%kBlc%kBhpkBVqJCVquEXquEdp%uElc%QJlc" /><g i="9" c="267" charCode="82" p="#^nK$v%wE$v%6Crq%iBrq%iB$v%$v$v%$vlc%3DlceGlcQH2e$J_f$Jaj$JWkbJumnI1oaHSo^uEtjuEzi_DZhoDjheCjh%iBjh%iBBl%eCBlrEBluEtj" /><g i="10" c="270" charCode="69" p="%^5H$v$v$v$vlc$Glc$GthiBthiBIjMGIjMGFoiBFoiBXq5HXq" /><g i="11" c="271" charCode="89" p="%^BMlcZG5pZG$vFB$vFB5p1wlc8ClclEmjKGlc" /><g i="12" c="274" charCode="111" p="#^QIIkEJomEJyoEJJr$HNt1GbwNCbw%NCbwEzbwCxIt1wJr1wyo1wmmWwykHxWilzUhWAWgNCWgFEWgfGVhZHUiQIIk^XECoXEZmhE$lHD8lNC8lVB8liB3mIA_mHAloHA8qiB3rVB_rNC_rGD_rkE4r_E9qXECo" /><g i="13" c="275" charCode="117" p="#^$H$v%kD$v%kD5vvDtvACNvGB5wCA4wOy2wvxQu$vrt$v8r%$v3h%JA3h%JAAqJAgr6BGrvB4s$B4s3D4siDzq%iD3h%$H3h" /><g i="14" c="276" charCode="119" p="%^tO3h3M$vhG$vhFrncE$vry$v$v3hNA3hEBLpIC3hOH3hQILpHJ3h" /><g i="15" c="277" charCode="110" p="#^XH$v%eD$v%eDjmeDHlRCkltCZkYBZkTAZkEAlm%EA$v%$v$v%$v3h%EA3h%EAZhrAEhjBlhbC1hdD3haF8huGciXHpjXH2m" /><g i="16" c="278" charCode="33" p="#^9Blc%aAnq3ABqTzBq%9xBqSwBqSwjq%$voc$v5ciw5c%SA5c9B5c9Blc^UABtUAKueAwvBzhwryewixewFwuv1wJu1wBt1wusGwJrkxYqiyYqAz_qeAKrUAusUABt" /><g i="17" c="279" charCode="103" p="#^SI6vSIfyFGzzAEyBJByBbzyBkxjA%kxHvpyDwqz5xrAAxvBAxHCAxoD$wbElw9Ecv%9Ecv%9E8vbD4wJB4wYy4wlxvtZvlr$vvo1wblzx4j6zYgBBYgVBYgiC_gTDbh9ESh%9E3h%SI3h^9EDp%9EonRDplvCplNAnlMAtoKAyrvCyrRDyr9EDp" /><g i="18" c="280" charCode="116" p="#^cESvXC5w_B5wVz5wGy3vsx1usx4s%sxIk%$vIk%$v3h%sx3h%sx9e%bCyc%bC3h%_D3h%_DIk%bCIk%bC5rbC1sZC1skD1scERr" /><g i="19" c="281" charCode="51" p="#^RG1g2HBg2Heh2HIiiG$jvFmlmEBlTFUlLG9nzHlozHSpzHorNGQs_EawiAawlyaw$vwv%$vcqfyfrKzfrPAfroBKq_Bdq0Cqp3CNnHzNnPyNntx2o%txHjpyTj_yTjaATjSAejvBJinB1ijBAhMAdheARglzRg2yRg7wFh%5wJcbyac9AacNFacRG1g" /><g i="20" c="282" charCode="105" p="#^6Bne6BzfqAmgLz8hAy8hnx8hIwmg1wzf1wne1wcdIwqcnxEbKyCb%KyCbLzCbqAqc6Bdd6Bne^WA$v%dw$v%dw3h%WA3h" /><g i="21" c="283" charCode="97" p="#^HH$v%UC$v%UCiv_B4wEA4wNy4wtxJu9wlt$vir%$virTvSotxhnZyPlbBPleCPlUC9mUCklMCbllCGk0BGkLyGkpxOl%pxFhuzKgVBKglEKgRFIhHHTiHHel^TCJr%TCTpOCGpvCvpdCjpUBkplBmpZANpBAbqBAOqBArrZASrlBgsVBhsFCjsTCJr" /><g i="22" c="284" charCode="114" p="#^YDulBCplNBUl4BgmSA_mHAvnHAzo%HA$v%$v$v%$v3h%HA3h%HAuiIAXhIBuhIC0hYDZg" /><g i="23" c="285" charCode="46" p="%^EA$v$v$v$v7rEA7r" /><g i="24" c="286" charCode="79" p="#^aNam9N1r3LEtTIkwAEkw8whw$vamWvmh7yIelA1cAE1cQI1c0LIecNmhaNam^DH9mEHehAEeh6DehkCviyBMjAB9mDB4rAE5r%AE5rAH6rDH9m" /><g i="25" c="287" charCode="78" p="%^6L$vlF$voBzloB$v$v$v$vlcpClcyFtlyFlc6Llc" /><g i="26" c="288" charCode="71" p="#^$KDuXHnwbEiwvAdw9y_s4wlq$v1mWv2iXxnfLz_cJCkcWD2cbF2cfH2ccKWc%cKtiHHzgnFOgKDZgKCciDBBjAB3myB3o5ClpQC2rdEhrZEprTF0r%TFbp%oDbp%oDNk%$KNk" /><g i="27" c="289" charCode="84" p="%^FIthSEthSE$vAz$vAzth$vth$vlcFIlc" /><g i="28" c="290" charCode="76" p="%^3H$v$v$v$vlciBlciBSq3HSq" /></glyphs></font><font id="70" name="Arial Charset0_ 6MuiIAZkgZU"><glyphs><g i="0" c="888" charCode="8211" p="%^YvpqYvEoSJEoSJpq" /></glyphs></font></bwFonts>