﻿<?xml version="1.0" encoding="utf-8"?>
<manifest identifier="_64j2jcUauIY_course_id" version="1.0" xmlns="http://www.imsproject.org/xsd/imscp_rootv1p1p2" xmlns:adlcp="http://www.adlnet.org/xsd/adlcp_rootv1p2" xmlns:xsi="http://www.w3.org/2001/XMLSchema-instance" xsi:schemaLocation="http://www.imsproject.org/xsd/imscp_rootv1p1p2 imscp_rootv1p1p2.xsd http://www.imsglobal.org/xsd/imsmd_rootv1p2p1 imsmd_rootv1p2p1.xsd http://www.adlnet.org/xsd/adlcp_rootv1p2 adlcp_rootv1p2.xsd">
  <metadata>
    <schema>ADL SCORM</schema>
    <schemaversion>1.2</schemaversion>
    <lom xmlns="http://www.imsglobal.org/xsd/imsmd_rootv1p2p1" xmlns:xsi="http://www.w3.org/2001/XMLSchema-instance" xsi:schemaLocation="http://www.imsglobal.org/xsd/imsmd_rootv1p2p1 imsmd_rootv1p2p1.xsd">
      <general>
        <title>
          <langstring xml:lang="x-none">stage_cungnhauontap</langstring>
        </title>
      </general>
      <lifecycle>
        <version>
          <langstring xml:lang="x-none">1</langstring>
        </version>
        <status>
          <source>
            <langstring xml:lang="x-none">LOMv1.0</langstring>
          </source>
          <value>
            <langstring xml:lang="x-none">Final</langstring>
          </value>
        </status>
      </lifecycle>
      <metametadata>
        <metadatascheme>ADL SCORM 1.2</metadatascheme>
      </metametadata>
      <educational>
        <typicallearningtime>
          <datetime>PT0H0M0S</datetime>
        </typicallearningtime>
      </educational>
      <rights>
        <cost>
          <source>
            <langstring xml:lang="x-none">LOMv1.0</langstring>
          </source>
          <value>
            <langstring xml:lang="x-none">yes</langstring>
          </value>
        </cost>
        <copyrightandotherrestrictions>
          <source>
            <langstring xml:lang="x-none">LOMv1.0</langstring>
          </source>
          <value>
            <langstring xml:lang="x-none">yes</langstring>
          </value>
        </copyrightandotherrestrictions>
      </rights>
    </lom>
  </metadata>
  <organizations default="stage_cungnhauontap_ORG">
    <organization identifier="stage_cungnhauontap_ORG">
      <title>stage_cungnhauontap</title>
      <item identifier="SL360-QB-Template_SCO" isvisible="true" identifierref="__64j2jcUauIY_course_id_RES">
        <title>stage_cungnhauontap</title>
        <adlcp:masteryscore>80</adlcp:masteryscore>
      </item>
    </organization>
  </organizations>
  <resources>
    <resource identifier="__64j2jcUauIY_course_id_RES" type="webcontent" href="index_lms.html" adlcp:scormtype="sco">
      <file href="story_content/thumbnail.jpg" />
      <file href="story_content/video_650FrWRqFQ0_22_48_720x406.mp4" />
      <file href="mobile/video_650FrWRqFQ0_22_48_720x406.jpg" />
      <file href="story_content/6VJHd6DpIqX_80_DX198_DY198.swf" />
      <file href="mobile/6VJHd6DpIqX_80_DX198_DY198_CX148_CY60.png" />
      <file href="story_content/63Irt95YzFH_80_P_42_0_1820_1365_DX1440_DY1440.swf" />
      <file href="mobile/63Irt95YzFH_80_P_42_0_1820_1365_DX1440_DY1440_CX1080_CY810.png" />
      <file href="story_content/video_6GIaLExNDoh_22_48_720x406.mp4" />
      <file href="mobile/video_6GIaLExNDoh_22_48_720x406.jpg" />
      <file href="story_content/5fvu6kHJENn_22050_48_0.mp3" />
      <file href="story_content/video_6GONFMpDmQf_22_48_720x406.mp4" />
      <file href="mobile/video_6GONFMpDmQf_22_48_720x406.jpg" />
      <file href="story_content/5naurPuGi3A_22050_48_0.mp3" />
      <file href="story_content/5x2H7jgsVw9_22050_48_0.mp3" />
      <file href="story_content/6mFeHSENWxW_22050_48_0.mp3" />
      <file href="story_content/5VUms39dD70_22050_48_0.mp3" />
      <file href="story_content/5ySf9woJnuA_22050_48_0.mp3" />
      <file href="story_content/6Ncf1MkzeKN_22050_48_0.mp3" />
      <file href="story_content/5VJtf7D27XU_22050_48_0.mp3" />
      <file href="story_content/6MnEddfL7Cp_22050_48_0.mp3" />
      <file href="story_content/6YN19OsZOrp_22050_48_0.mp3" />
      <file href="story_content/6hJ5ReDvn6c_22050_48_0.mp3" />
      <file href="story_content/5ZRngzCYjpL_22050_48_0.mp3" />
      <file href="story_content/64uDWRYusRY_22050_48_0.mp3" />
      <file href="story_content/6KDfS6lp2d2_22050_48_0.mp3" />
      <file href="story_content/6R7Gxd4sQ7h_22050_48_0.mp3" />
      <file href="story_content/6OhjUyhlSbX_22050_48_0.mp3" />
      <file href="story_content/5q5aOMV7iBw_22050_48_0.mp3" />
      <file href="story_content/5aSOGHGOi0a_22050_48_0.mp3" />
      <file href="story_content/6F4642SeFx2_22050_48_0.mp3" />
      <file href="meta.xml" />
      <file href="story_content/FontFactory.swf" />
      <file href="story_content/fonts.swf" />
      <file href="story_content/frame.xml" />
      <file href="story_content/frame.json" />
      <file href="story_content/user.js" />
      <file href="story.swf" />
      <file href="story_content/frame.swf" />
      <file href="story_content/slides/5gdvEMgNFLz.swf" />
      <file href="story_content/slides/5moriUKB9aj.swf" />
      <file href="story_content/slides/6F3y0mlBopU.swf" />
      <file href="story_content/slides/6WB5y2D26Fg.swf" />
      <file href="story_content/slides/6fYakuVDlQq.swf" />
      <file href="story_content/slides/5XB1FRpt97T.swf" />
      <file href="story_content/slides/5mtY0Of3sqH.swf" />
      <file href="story_content/slides/6GcRmaJdnbf.swf" />
      <file href="story_content/slides/6WXWna9tBwb.swf" />
      <file href="story_content/slides/6GkpP1tGDUQ.swf" />
      <file href="story_content/slides/6puxjT5YSAD.swf" />
      <file href="story_content/data.swf" />
      <file href="html5/data/css/output.min.css" />
      <file href="html5/data/js/5gdvEMgNFLz.js" />
      <file href="html5/data/js/5moriUKB9aj.js" />
      <file href="html5/data/js/5mtY0Of3sqH.js" />
      <file href="html5/data/js/5XB1FRpt97T.js" />
      <file href="html5/data/js/6F3y0mlBopU.js" />
      <file href="html5/data/js/6fYakuVDlQq.js" />
      <file href="html5/data/js/6GcRmaJdnbf.js" />
      <file href="html5/data/js/6GkpP1tGDUQ.js" />
      <file href="html5/data/js/6puxjT5YSAD.js" />
      <file href="html5/data/js/6WB5y2D26Fg.js" />
      <file href="html5/data/js/6WXWna9tBwb.js" />
      <file href="html5/data/js/data.js" />
      <file href="html5/data/js/frame.js" />
      <file href="html5/data/js/paths.js" />
      <file href="html5/lib/scripts/app.min.js" />
      <file href="html5/lib/stylesheets/main.min.css" />
      <file href="html5/lib/stylesheets/mobile-fonts/open-sans-bold.woff" />
      <file href="html5/lib/stylesheets/mobile-fonts/open-sans-light.woff" />
      <file href="html5/lib/stylesheets/mobile-fonts/open-sans-regular.woff" />
      <file href="story.html" />
      <file href="story_flash.html" />
      <file href="story_html5.html" />
      <file href="story_content/blank.html" />
      <file href="story_content/story.js" />
      <file href="index_lms.html" />
      <file href="index_lms_html5.html" />
      <file href="index_lms_flash.html" />
      <file href="lms/AICCComm.html" />
      <file href="lms/AICCFunctions.js" />
      <file href="lms/API.js" />
      <file href="lms/APIConstants.js" />
      <file href="lms/blank.html" />
      <file href="lms/browsersniff.js" />
      <file href="lms/Configuration.js" />
      <file href="lms/goodbye.html" />
      <file href="lms/lms.js" />
      <file href="lms/LMSAPI.js" />
      <file href="lms/NONEFunctions.js" />
      <file href="lms/SCORM2004Functions.js" />
      <file href="lms/SCORMFunctions.js" />
      <file href="lms/UtilityFunctions.js" />
    </resource>
  </resources>
</manifest>