﻿<?xml version="1.0" encoding="utf-8"?><bwFonts xmlns:xsi="http://www.w3.org/2001/XMLSchema-instance" xmlns:xsd="http://www.w3.org/2001/XMLSchema" fontfactoryurl="story_content/FontFactory.swf"><font id="00" name="Open SansBold Charset1_ 5xuytYqsSiB"><glyphs><g i="0" c="384" charCode="89" p="%^ODvlwH9eBL9eGF3pGF$vWB$vWBap$v9e5A9e" /><g i="1" c="385" charCode="111" p="#^WA9pWAbrABesfCgtLDgtfFgtUFesyGcryG9pyG7nUF6meF5lKD5leC5lAB6mWA6nWA9p^mK9pmKusBInuRGfwIDfwKBfweAovKyxuWxWs7xir7x9p7xPlSyYjCA5iND5iLF5ifHYiLIOjyJplmK$mmK9p" /><g i="2" c="386" charCode="117" p="#^DH$v%7Hgu%XGgukGdveFKv8EfwKCfwkAfw5zZuTxGtTxfr%Txmi%CBmi%CBkqCBPr7CysFChtODhtnFht3GesMGbrMGNo%MGmi%uKmi%uK$v" /><g i="3" c="387" charCode="32" p="#" /><g i="4" c="388" charCode="109" p="#^aK$v%sG$v%sG1osGzmYFQlsF4loE4lZC4ljC7mGBanGBAp%GB$v%Yx$v%Yxmi%OAmi%iB5k%vB5k3C9j5DDi7E5itF5ixI5iDJ5k%YJ5kvK8jzLDiEM5i_N5iiQ5iuRhjGStkGS5n%GS$v%XO$v%XO1oXOzmrOQlYN4lUM4lxL4lRK3maK1naK9p" /><g i="5" c="389" charCode="115" p="#^tHYrtH2u$F9vyEfwFBfw9Afw6z2w3yRv8xsv%8xosbyTsuzctNAxtMBxtODxtODmsODWrxDFrgDnrBC1rXBGqRAcqgzypxy_oOxqosxIn7xZm7xVl7x5kxy5jXz5ixC5i$E5ikHaj%cGSlaFqlhE8loDSktCSkQASkQALlQAfmmBDmUB_mGDInhFmo0GWoMGtp6HcqtHXqtHYr" /><g i="6" c="390" charCode="116" p="#^IDhtHEht2GSs%2GDvFEfwDCfwoAfwnz7vmy$tmyKr%my9l%Aw9l%AwAj%Dyki%Izsf%4Csf%4Cmi%VFmi%VF9l%4C9l%4CKr4CxswCVsZChtIDht" /><g i="7" c="391" charCode="99" p="#^vDfw7xfw7xfp7xMlSyXjBA5iQD5icG5i4I0j%_GVl5GylkFklAE5lQD5lWA5lWAdpWAetQDetVEetPFYsKGFsFH2s%FHevLGPvQF1wVEfwvDfw" /><g i="8" c="392" charCode="112" p="#^sFfw2DfwGBvu%uBvuGBcwGBuw%GB$B%Yx$B%Yxmi%_Ami%vB7k%GB7k_C5iyF5iZH5ikJZjIKQlIK9pIKlr3KYsqJzueIpv2HfwsFfw^mE4lZC4lkCXlIBNmGBKo%GB7pGBkrkChs_CetpEetVGetVG6pVG5nhG5mGF4lmE4l" /><g i="9" c="393" charCode="108" p="%^GB$vYx$vYx$cGB$c" /><g i="10" c="394" charCode="101" p="#^CDLkqCLkLBvl4Bfm_ADn%cGDnaGfmtFvlNELkCDLk^7EfwQAfwZyru7xCs7xhp7xRlQyZjyA5iAD5itG5i4ILjHJolHJio%HJ6q%UA6qYAIrQBBsJCutiEutxFutDGetKHZsWIps%WIhvYHNvQG0wJFfw7Efw" /><g i="11" c="395" charCode="104" p="#^zK$v%QG$v%QG1oQG4lEE4l3D4lmC8mGBcnGBAp%GB$v%Yx$v%Yx$c%GB$c%GBTgGBkhBB$i%vB5k%IB5kYC5iFF5i3I5ijJojzKHkzK5n" /><g i="12" c="396" charCode="113" p="#^CDkt1FktHFwslGIrpGGp%pGdppG1nJF4m2F7lyD7lWA7lWAfpWAirABjseCktCDkt^hCfwSzfwuyou7xxs7xcp7xSlwy_jWz5imC5iED5iCEBiAF4jjG5k%pG5k%KGmi%UJmi%UJ$B%9G$B%9Ghw9GxvjGeu%9GeuyFdvzEKvADfwhCfw" /><g i="13" c="397" charCode="105" p="#^OxQeOx$cQz$cRB$cRBQeRBHfkBagQAFgQzFgOxFgOxQe^GB$v%Yx$v%Yxmi%GBmi" /><g i="14" c="398" charCode="110" p="#^zK$v%QG$v%QG1oQGzmiGQlNF4lEE4l3D4lmC7mGBanGBAp%GB$v%Yx$v%Yxmi%OAmi%iB5k%vB5k7C6jdDCijE5iIF5i5I5ikJojzKGkzK5n" /><g i="15" c="399" charCode="98" p="#^yF5iZH5ikJ_jIKTlIK9pIKxshJouTHfwsFfw2DfwGBvu%qBvu%OA$v%Yx$v%Yx$c%GB$c%GBqhGBgixB7k%GB7k_C5iyF5i^mE4lZC4lkCXlIBNmGBKo%GB7pGBkrkChs_CetpEetyFetdGbsVG7rVG6pVG5ndG5myF4lmE4l" /><g i="16" c="400" charCode="57344" p="#^vF9l%hC9l%hC$v%yy$v%yy9l%vw9l%vwmj%yymi%yymhyy1fHzYdRATcnDTcjFTcPGsd%SFbgKEQfNDQf_CQfDCighCMghCvh%hCmi%vFmi" /><g i="17" c="401" charCode="114" p="#^AF5ikG5iQGci%yGHl5GAlsFAlGDAlGCvmGBpnGB2p%GB$v%Yx$v%Yxmi%MAmi%kBEk%vBEk8CvjdDOiiE5iAF5i" /><g i="18" c="403" charCode="103" p="#^QJli%QJek%IHNkhIIlhIRmhI2pLGhqdFvrvCvr%QBtr%hBprIARrIAnsIAbtLCbt%4FbtjHbtuI9uGJ6vGJZwGJmzGHGAHF$BYB$B5z$BAx$A4w0A4wdy4w_wRw9wCxkv5zZuxyKu5ybuGxDtGx$sGxds7yIrAybrrzHqmydqJxcp5xao5xMm5xxkyyjj$z5iIC5ihD5i3EciREii4Fli^izXxizIy1A8zMAAz6CAz6EAzeF1znGuynGxxnGLwIFsw1FawDDaw%IBawGAaw_zFwiz8xizXx^FAQmFAXn9BBoGBepICepLDepeEBoKEXnKEQmKEmkICmkFAmkFAQm" /><g i="19" c="404" charCode="46" p="#^qxfuqxdtZxIsxyasAzasBAas8BJsIBftIBfuIBdv8BNvAAkwAzkwyykw_xNvqxevqxfu" /><g i="20" c="405" charCode="69" p="%^wI$vfy$vfy9ewI9ewIfh1Cfh1Cal4Ial4Igo1Cgo1CTswITs" /><g i="21" c="406" charCode="121" p="#^$vmi%4Ami%FC1q_C1r6Dps%aDpsjD8rID1q%eGmi%dKmi%sELxFDTzbCXAJA$BLy$BNx$BSwOB%SwRyxx$yjy$yjz$y2AoyNAOxcBAw%qBVv" /><g i="22" c="407" charCode="97" p="#^CG$v%UF9u%OF9uSElvSDOvTCfwgBfwjzfway7v2x$t2xXr2xMpzyKo5AIn9DBn%wFwn%wFWmwFRkoDRkMBRkyzQl%jyjjGA4iyD4ihG4iLHhjdJtkdJVm%dJ$v^wFHp%4EKpsCNpFBkqTASqTAYrTAxtGCxtZDxtKEOswF2swFPq" /><g i="23" c="408" charCode="57345" p="#^vF9l%hC9l%hC$v%yy$v%yy9l%vw9l%vwmj%yymi%yymhyy1fHzYdRATcnDTcjFTcPGsd%SFbgKEQfNDQf_CQfDCighCMghCvh%hCmi%vFmi^uHQeuH$cwJ$cxL$cxLQexLHf0LagwKFgwJFguHFguHQe^mL$v%EH$v%EHmi%mLmi" /><g i="24" c="409" charCode="100" p="#^hCfwTzfwvyou7xws7xcp7xRlwyZjWz5inC5iYE5ijG5k%rG5k9Gzi9Gnh%9G$c%UJ$c%UJ$v%1H$v%jGeu%9GeuTEfwhCfw^ADht0FhtGFsslGDrpGDp%pGeppG1nJF4m2F7lwD7lhC7lABbmUAenUAfpUAgrABhshChtADht" /><g i="25" c="410" charCode="119" p="%^aJ$v7IerIGclDGcl7E$v7A$vfwmiYzmixBpo#VB0qiCTsnCTs#qCYrOCXp$CVoHEmiNImioKVo#rKapxKIp#EKdqKKPq#RKprWKZr#$Kxs0LTs4LTs#bL$rtLtq#LLXoTLpowNmi9RmieN$v" /><g i="26" c="411" charCode="58" p="#^qxfuqxdtZxIsxyasAzasBAas8BJsIBftIBfuIBdv8BNvAAkwAzkwyykw_xNvqxevqxfu^qxakqx8jZxDixy5iAz5iBA5i8BEiIBajIBakIB9l7BIlzAfmAzfmyyfm_xJlqxalqxak" /><g i="27" c="412" charCode="83" p="#^NI2rNItt1HSuiFfwcCfwlzfw8xav%8xFrYytscAOssB7tuC7tKD7toEFs3Fas3Fer3FIqMEiquEUpVDwplD7pBBioZzxn8zQmky6mRxalmxekmxZimxCgYyffzAUdoDUdNEUd2GdejHyeHI9f%tH5i2Gwh6FhhaE2hhD2hcC2hDByh2B2i2BSi2BmjhBKjwB5k0CskxCOkqEIlWGUmRH5oNIipNI2r" /><g i="28" c="413" charCode="66" p="#^fy9e%OD9eBH9ejJef1Ljg1LGi1LgkhKilxJjmhIxm%hIEm_J1nKK3ouL5puLQquLgtJJEuYH$vWE$v%fy$v^1Cdl%eEdlMFdlsGLk8Hgk8Haj8H8ioGIhEFfh0Efh%1Cfh^1Cdo%1CTs%vETs3GTsOGhsyHGryHrqyHdonEdo" /><g i="29" c="414" charCode="84" p="%^8F$vlB$vlBjhvwjhvw9e_J9e_Jjh8Fjh" /><g i="30" c="415" charCode="120" p="%^LA1pmwmiAAmidDImVFmi7KmiHF1pkK$v5G$vdDkrlA$v7w$v" /><g i="31" c="418" charCode="118" p="%^cB$v$vmiUzmixC7q#ZCCr4DWs9DWs#dDLrID7qkGmidKmi0F$v" /><g i="32" c="419" charCode="122" p="%^rH$vGw$vGwOt_Ccl2xcl2xmidHmidHNk4B9trH9t" /><g i="33" c="420" charCode="80" p="#^1Czm%hDzm1FzmUFTlMGalMGSjMGwi1GUhjFfhLDfh%1Cfh^AKJjAKCmNI8o_GFpFDFp%1CFp%1C$v%fy$v%fy9e%YD9ecH9eUIzfAKYgAKJj" /><g i="34" c="421" charCode="39" p="%^1B9exACk7yCkDx9e" /><g i="35" c="422" charCode="79" p="#^rO3nrOureMTt2KfwXFfwRBfwEzTtsxursx1nsxAiFzegSBTdZFTd4KTdfMfgrOCirO3n^qB3nqB2qyCzrHD4tXF4ttK4ttK3ntK1hZF1hJD1hzCyiqB3kqB3n" /><g i="36" c="423" charCode="75" p="%^CM$vjI$vDDuo1CDp1C$vfy$vfy9e1C9e1CkmwDdkmI9ezM9ekG2m" /><g i="37" c="424" charCode="87" p="#^DP$v%kL$v%VIDmMI7mrIzk7I_i4Isi$H6jIHAkqH1mfHFm%RE$v%yA$v%$v9e%Jz9e%$BUnCCBqTCzsYCTrcDqqtDYoID9o%iG9e%TJ9e%uM9oFMQoVMcqaNAriNzsqNDrHNcqYNNoaOUn%sQ9e%aU9e" /><g i="38" c="425" charCode="107" p="%^xBAo9DvmZGmiaLmiLFhovL$vcH$vhDtqGBLrGB$vYx$vYx$cGB$cGBuluBAo" /><g i="39" c="426" charCode="57346" p="#^vF9l%hC9l%hC$v%yy$v%yy9l%vw9l%vwmj%yymi%yymhyy1fHzYdRATcnDTcjFTcPGsd%SFbgKEQfNDQf_CQfDCighCMghCvh%hCmi%vFmi^bP9l%ZL9l%ZL$v%eI$v%eI9l%bG9l%bGmj%eImi%eImheI1fnJYdxKTc3NTc$OTcvQsd%yPbgqOQftNQfGMQfjMigZLMgZLvh%ZLmi%bPmi" /><g i="40" c="427" charCode="63" p="#^nz4q%nzapnz$nTz8nnAgmIBhl_CnkoDOjODdjODwiODJhcDjhDCUgABUgLzUgpx5i%4wqfOyUdRBUdmEUdRF6fkHjgkHkikHGjJGFk6GDloERmdDInVC9oCCCoCClp%CC4q^_yfu_ydtxzIs4Aas7Bas8CasHCJsfDftfDfufDdvHCNv7Ckw7Bkw5AkwxzNv_yev_yfu" /></glyphs></font><font id="10" name="Open Sans Charset1_ 5fLLTGL5CJ0"><glyphs><g i="0" c="384" charCode="79" p="#^XN3nXNlrMLOtCJfwLFfwPBfwGzRtxxqrxx1nxxGiGzhgQBTdNFTdDJTdNLkgXNMiXN3n^Jz3nJzHqgBzsPCruLFruJIrueKAsLLIqLL3nLLsjeKBhKIKfNFKfPCKfgBChJzujJz3n" /><g i="1" c="385" charCode="75" p="%^lL$vVI$voClnxA$oxA$vsy$vsy9exA9exA$mDI9e4L9eUDVl" /><g i="2" c="386" charCode="89" p="%^$C4nLH9e$J9e2E4p2E$vXB$vXBap$v9egy9e" /><g i="3" c="387" charCode="101" p="#^ODfwQAfw6zsupxEspxqppxbm$yhkBAnihDniOFnifH1kJIHlJIoo%JIGp%vzGpzz1sHAgtQBuuTDuu1Guu9IAt%9Iov4HRv6G2w9FfwODfw^fD4kEB4kGA7lJzamyz1o%yG1oyG6mHF5lRE4kfD4k" /><g i="4" c="388" charCode="115" p="#^NGmsNGduoFev$DfwuBfwPyfwkxpv%kxwtiy0uoziuvAAuxBAu6DAuZD4uQEztQExsQELr8EbrtDDqvBTpEzapRyFo3y8oGxunixQmixVlixgkDykjYznigCnirEnivGfj%NFVkMD4k7C4kHA4kYzxkdz_kdzMldzjmuzHmMz3nnApn_ALnJCoo6FgpXF8qNG0rNGms" /><g i="5" c="389" charCode="78" p="%^oM$v0K$vgA1haA1h#nAFjnASlnA$vsy$vsy9eOA9ewK4tDK4t#BKKsvKYq#qKapsKoosK9eoM9e" /><g i="6" c="390" charCode="111" p="#^HJipHJAs1IquoGfwuDfwIBfwjApvWyzu9y_spxprpxippx1m1zckGAniADnioGni1IfkHJ6mHJip^vzipvzSrwActyByuyDyuxFyuzGdtBHTrBHipBHLmzGqlxF5kwD5kxB5kwAplvzImvzip" /><g i="7" c="391" charCode="67" p="#^5GLf9DLfsBJhLzGjLz4nLzAqoBvs1Dpu3GpuXHpukKKt%kKyvtIfwLFfwPBfwGzStxxtrxx2nxxikzydiBz8gxB0fuDUd6GUdWIUd0LWe%8KIg7ILf5GLf" /><g i="8" c="392" charCode="114" p="#^fEni8FniRFwi%zFpkKEdk6EdkuCdkkBylaASmaAQo%aA$v%8y$v%8yDi%PzDi%2A5l%9A5lUAOjXB5j$CnifEni" /><g i="9" c="393" charCode="99" p="#^vDfwBAfw$ytupxGspxoppx1m0zckEAniDDniBEnizFBixGOi4H4j%sGOkNFxk_EmkbEakADakvzakvznpvzRrvAatvBuusDuu7FuuTGMt%TGzvxFfwvDfw" /><g i="10" c="394" charCode="116" p="#^tCAu0DAuwDvu0EquiEku%iEUvZD2wkD8wHCfwaCfwiyfwiy9s%iyck%nwck%nwej%iyoi%9zxf%kAxf%kADi%cEDi%cEck%kAck%kA4skAhtUAXttBAutCAu" /><g i="11" c="395" charCode="73" p="%^sy$vsy9exA9exA$v" /><g i="12" c="396" charCode="110" p="#^iH$v%iHlniHIlyGVkPF5keE5k7C5k8BelaAmmaA_o%aA$v%9y$v%9yDi%OzDi%7Ask%dAskRAtjZBWi5DnitEniUGni6IyjkJIkkJgn%kJ$v" /></glyphs></font><font id="20" name="UTM American SansBold Charset1_ 5lsjrfiH9YK"><glyphs><g i="0" c="256" charCode="71" p="#^$KDuXHnwbEiwvAdw9y_s4wlq$v1mWv2iXxnfLz_cJCkcWD2cbF2cfH2ccKWc%cKtiHHzgnFOgKDZgKCciDBBjAB3myB3o5ClpQC2rdEhrZEprTF0r%TFbp%oDbp%oDNk%$KNk" /><g i="1" c="257" charCode="117" p="#^$H$v%kD$v%kD5vvDtvACNvGB5wCA4wOy2wvxQu$vrt$v8r%$v3h%JA3h%JAAqJAgr6BGrvB4s$B4s3D4siDzq%iD3h%$H3h" /><g i="2" c="260" charCode="115" p="#^TEulNCCkVBKkUAUkUAylUAYltBqmSBUm_CznXDmouE6p4F1q4Fer4F6tODhudCbwEzbw5ybw$vyv%$verSwKrFx2stymsbzmsKzms0A9stASrtAqrtAXq_zvqazYpCxKo5wqn5wrl5wikIw8jUxYg8BMgSCFgTEeh" /><g i="3" c="261" charCode="116" p="#^cESvXC5w_B5wVz5wGy3vsx1usx4s%sxIk%$vIk%$v3h%sx3h%sx9e%bCyc%bC3h%_D3h%_DIk%bCIk%bC5rbC1sZC1skD1scERr" /><g i="4" c="262" charCode="97" p="#^HH$v%UC$v%UCiv_B4wEA4wNy4wtxJu9wlt$vir%$virTvSotxhnZyPlbBPleCPlUC9mUCklMCbllCGk0BGkLyGkpxOl%pxFhuzKgVBKglEKgRFIhHHTiHHel^TCJr%TCTpOCGpvCvpdCjpUBkplBmpZANpBAbqBAOqBArrZASrlBgsVBhsFCjsTCJr" /><g i="5" c="263" charCode="118" p="%^$I3hqF$vAz$v$v3hWA3hvCsq6E3h" /><g i="6" c="264" charCode="8217" p="%^fAlcbyii$viiEwlc" /><g i="7" c="265" charCode="32" p="#" /><g i="8" c="266" charCode="114" p="#^YDulBCplNBUl4BgmSA_mHAvnHAzo%HA$v%$v$v%$v3h%HA3h%HAuiIAXhIBuhIC0hYDZg" /><g i="9" c="267" charCode="105" p="#^6Bne6BzfqAmgLz8hAy8hnx8hIwmg1wzf1wne1wcdIwqcnxEbKyCb%KyCbLzCbqAqc6Bdd6Bne^WA$v%dw$v%dw3h%WA3h" /><g i="10" c="270" charCode="112" p="#^QIioSIErbHStwF4w_C4wHC4woC0w%oC0wbBUvHAjv%HAlB%$vlB%$v3h%HA3h%HAVhWAghAC3h$C1hhD1hNF1hiH1jPI1lQIio^5Evo5EplkCpl_AplHAnn%HAHp$ABrkCBr5EBr5Evo" /><g i="11" c="271" charCode="69" p="%^5H$v$v$v$vlc$Glc$GthiBthiBIjMGIjMGFoiBFoiBXq5HXq" /><g i="12" c="274" charCode="101" p="#^CIQp%QAQpQAPqOBBrvC3sRD3s6G3s2IEq%2I5vNFawmDawbAawsyruWvcs$vYn4wtkqypi7ATgvCSg%vCSgFFQggH4jHI3lHIpoHIZoCIQp^8Eqm4EWlADtl5D0lqC_kOB_kiBslPAWlKAqm" /><g i="13" c="275" charCode="110" p="#^XH$v%eD$v%eDjmeDHlRCkltCZkYBZkTAZkEAlm%EA$v%$v$v%$v3h%EA3h%EAZhrAEhjBlhbC1hdD3haF8huGciXHpjXH2m" /><g i="14" c="276" charCode="76" p="%^3H$v$v$v$vlciBlciBSq3HSq" /><g i="15" c="277" charCode="111" p="#^QIIkEJomEJyoEJJr$HNt1GbwNCbw%NCbwEzbwCxIt1wJr1wyo1wmmWwykHxWilzUhWAWgNCWgFEWgfGVhZHUiQIIk^XECoXEZmhE$lHD8lNC8lVB8liB3mIA_mHAloHA8qiB3rVB_rNC_rGD_rkE4r_E9qXECo" /><g i="16" c="278" charCode="107" p="%^ZH$vHC$vHA3rHA$v$v$v$vlcHAlcHAqljC3hdH3hQDvn" /><g i="17" c="279" charCode="67" p="#^aJjvkHkwZEkwYCkwcBBvfzNu1ydt$vAq$vjm$vij4x0heyDewAhdDC1c7F1c6H1c1JWc%1JgigHrhPFrh6Erh2DyiQBPjPBgmNBFo6DWpeE$q_F$qCH$qaJ$p" /><g i="18" c="280" charCode="108" p="%^HA$v$v$v$vlcHAlc" /><g i="19" c="281" charCode="99" p="#^0GnvBEawQCawpzawBxQt2wRr2wEo2wmmWwBkKxRiwzOh2BTgXCTgsETgVFBh%VFHlvE2luD2ljC2lEBLlLANmKAloKAnqEBjrrC4sED4sNE4s0Gmr" /><g i="20" c="282" charCode="33" p="#^9Blc%aAnq3ABqTzBq%9xBqSwBqSwjq%$voc$v5ciw5c%SA5c9B5c9Blc^UABtUAKueAwvBzhwryewixewFwuv1wJu1wBt1wusGwJrkxYqiyYqAz_qeAKrUAusUABt" /><g i="21" c="283" charCode="87" p="%^hSlc0P$vzI$v6HlmKF$v5z$v$vlcmBlcxC7nWDlcUJlcqLTmIMlc" /><g i="22" c="284" charCode="103" p="#^SI6vSIfyFGzzAEyBJByBbzyBkxjA%kxHvpyDwqz5xrAAxvBAxHCAxoD$wbElw9Ecv%9Ecv%9E8vbD4wJB4wYy4wlxvtZvlr$vvo1wblzx4j6zYgBBYgVBYgiC_gTDbh9ESh%9E3h%SI3h^9EDp%9EonRDplvCplNAnlMAtoKAyrvCyrRDyr9EDp" /><g i="23" c="285" charCode="84" p="%^FIthSEthSE$vAz$vAzth$vth$vlcFIlc" /><g i="24" c="286" charCode="212" p="#^aNam9N1r3LEtTIkwAEkw8whw$vamWvmh7yIelA1cAE1cQI1c0LIecNmhaNam^DH9mEHehAEeh6DehkCviyBMjAB9mDB4rAE5r%AE5rAH6rDH9m^VIOb%WFOb%AEC9%eDOb%eAOb%8DK7%0GK7" /><g i="25" c="287" charCode="73" p="%^hB$v$v$v$vlchBlc" /><g i="26" c="288" charCode="82" p="#^nK$v%wE$v%6Crq%iBrq%iB$v%$v$v%$vlc%3DlceGlcQH2e$J_f$Jaj$JWkbJumnI1oaHSo^uEtjuEzi_DZhoDjheCjh%iBjh%iBBl%eCBlrEBluEtj" /><g i="27" c="289" charCode="7844" p="%^XJ$vmE$vmEBsoBBsoB$v$v$v$vKi#$vXfWx$d#Sz2cRC4c#TF6cVH8e#XJagXJ8j^mEMnmEfj#mExiWD_h#vDrhRCrh#bCrhNB$h#oByioBfjoBMn^gHObfEObWCC9ABObByObvBK7nEK7^3KU40I39BF39FGU4" /><g i="28" c="290" charCode="7870" p="%^5H$v$v$v$vlc$Glc$GthiBthiBIjMGIjMGFoiBFoiBXq5HXq^wIU4uG392E396FU4^KFObLCObqBC94AOb4xObZzK7RCK7" /><g i="29" c="291" charCode="66" p="#^zIdqFINsgGvuQE$vhC$v%$v$v%$vlc%8ClcrElc8GUdRHrfZHJh7ItkbG3mqItnzIdq^WCEiUC4iuCGh5CghzBgh%iBgh%iB2k%vB2k8C3kxCFjWCejWCEi^9Dwp7D_oLCEooChoXBho%iBho%iBVq%$BVqvCVqRCvqcD5q9Dwp" /><g i="30" c="292" charCode="7840" p="#^XJ$v%mE$v%mEBs%oBBs%oB$v%$v$v%$vKi$vXfWx$dSz2cRC4cTF6cVH8eXJagXJ8j^mEMn%mEfjmExiWD_hvDrhRCrhbCrhNB$hoByioBfj%oBMn^OEfzOE2AdECAEDbBQCbB%QCbB$BbBqBCASA2ASAfzSAryqBSx$BixQCixEDixdETxOEsyOEfz" /><g i="31" c="293" charCode="78" p="%^6L$vlF$voBzloB$v$v$v$vlcpClcyFtlyFlc6Llc" /><g i="32" c="294" charCode="272" p="#^IMbmHMRquKqtiI$vfE$v%zx$v%zxEn%$vEn%$vHk%zxHk%zxlc%iElcoIlczKYeKMyhIMbm^7H9m7HRjlGDiAFph8Eph%RCqh%RCHk%ZEHk%ZEEn%RCEn%RCYq%8EYq7HYq7H9m" /><g i="33" c="295" charCode="195" p="#^XJ$v%mE$v%mEBs%oBBs%oB$v%$v$v%$vKi$vXfWx$dSz2cRC4cTF6cVH8eXJagXJ8j^mEMn%mEfjmExiWD_hvDrhRCrhbCrhNB$hoByioBfj%oBMn^ACi8HDB81EB8zEB8zEI7%0HI70H2bZE2bkE2bdDIa6CmaQBmatBmatB3b%Vy3bVy$7XA$7uB$7ACi8" /><g i="34" c="298" charCode="72" p="%^JJ$vnE$vnE5riB5riB$v$v$v$vlciBlciBWlnEWlnElcJJlc" /><g i="35" c="299" charCode="7884" p="#^aNam9N1r3LEtTIkwAEkw8whw$vamWvmh7yIelA1cAE1cQI1c0LIecNmhaNam^DH9mEHehAEeh6DehkCviyBMjAB9mDB4rAE5r%AE5rAH6rDH9m^zGfzzG2A_FCApFbBAEbB%AEbBMDbBbDCADC2ADCfzDCrybDSxMDixAEixpFix_FTxzGsyzGfz" /><g i="36" c="300" charCode="193" p="#^XJ$v%mE$v%mEBs%oBBs%oB$v%$v$v%$vKi$vXfWx$dSz2cRC4cTF6cVH8eXJagXJ8j^mEMn%mEfjmExiWD_hvDrhRCrhbCrhNB$hoByioBfj%oBMn^EFK7%CDVb%aBVb%eCK7" /><g i="37" c="301" charCode="80" p="#^UJ$jQJznVHNp$F$r6D$r%iB$r%iB$v%$v$v%$vlc%3Dlc9Glc1IDeVJUgUJ$j^AEmkAE3j2EgirDohgCoh%iBoh%iBhn%gChnxEhnAEmk" /><g i="38" c="302" charCode="83" p="#^qH9i9F7hWD7hgD7hGCthcCLhcCiicCUiTCqj1Esk1F4lfG4mWG5nIHeoIHPpIHgsNFgu0EkwGAkwFykw$vtv%$vVp1xAq4y_q7zor0AorOAoryB0rPBGqPB3qPBmp8BMoIAkoCzBnwyRm2yqm8wKk8w9i8wGgRwlfqykcEC3cSEVbqHFc" /><g i="39" c="303" charCode="65" p="#^XJ$v%mE$v%mEBs%oBBs%oB$v%$v$v%$vKi$vXfWx$dSz2cRC4cTF6cVH8eXJagXJ8j^mEMn%mEfjmExiWD_hvDrhRCrhbCrhNB$hoByioBfj%oBMn" /><g i="40" c="304" charCode="81" p="#^aNbm9NysJJEuCKJu9LJuWLJuWMqu%WMFyNL8zBK8zKJ8z6INyuGryHFryyEry0DNy%1Ddw7wrv$vbmWvmh7yIelA2cAE2cOI2c$KJecNnhaNbm^DHbmDHghAEgh6DghkCxiyBNjABbmDB5rAE7r%AE7rBH7rDHbm" /><g i="41" c="305" charCode="50" p="#^gI$v%Rw$v%$vcsYyhpvBYlBCwkBC4jBC4hoA4hpy4hiwBi%iwrdJybchBbceEbc2GNd1Iwf1I5i1IukhG3nXE4pOEfpRDBq1D4r%gI4r" /><g i="42" c="306" charCode="121" p="#^1Ihw1IQy$FXz4EjBkBjBxyjBwwbA%wwXvFyux6BuxkDuxkD4w%kD8vxDtvLCLvZB1w$A1w$y1wWxVu$vmt$vpq%$v3h%MA3h%MAzqMAdr9BErzB3s3C3s5D3skDyq%kD3h%1I3h" /><g i="43" c="307" charCode="7899" p="#^YEBoYEZmhE$lHD8lNC8lVB8liB3mIA_mHAloHA8qiB3rVB_rNC_rGD_rkE4r_E9qYEBo^yFlc%wDwg%4Bwg%8Clc^WIThWIwisI_i$HrjlHrj%lHrjGGrjcG_iLFxiLFThLFehcGMgGGiglHig$HigsIMgWIehWITh^0IqjxI4kQIIkEJomEJyoEJJr$HNt1GbwNCbwEzbwCxIt1wJr1wyo1wmmWwykHxWilzUhWAWgNCWghEWgKFCh%KFUhKFyicG1jHGwjnHwjEHwj0Iqj" /><g i="44" c="308" charCode="104" p="#^ZH$v%fD$v%fDlmfDHlRCklsCZkYB_kVA$kHAim%HA$v%$v$v%$vlc%HAlc%HAJhtAthpB8hmCOgrDOgkFOgCG_hZHcjZHWl" /><g i="45" c="309" charCode="109" p="#^mP$v%CK$v%CKmmCKGldKklQJ_kgJ2l2I6l2Irm%2I$v%fD$v%fDmmfDHlPC5lACZk2CZkzBXk9BilMAFlHAlm%HA$v%$v$v%$v3h%HA3h%HAVhuABhiBjh7C1h3D1hGF1hOGNi7H4iaIAheJ3hqK3hqM3hNNaimPxjmPZl" /><g i="46" c="310" charCode="7889" p="#^QIIkEJomEJyoEJJr$HNt1GbwNCbw%NCbwEzbwCxIt1wJr1wyo1wmmWwykHxWilzUhWAWgNCWgFEWgfGVhZHUiQIIk^XECoXEZmhE$lHD8lNC8lVB8liB3mIA_mHAloHA8qiB3rVB_rNC_rGD_rkE4r_E9qXECo^PJu9%MHFd%lFFd%oGu9^aHpg%cEpg%QCde%vBpg%uypg%pBlc%fElc" /><g i="47" c="311" charCode="49" p="#^ZB$v%Hw$v%Hwci%MvciqwpgCwUf6xke8xlc%ZBlc" /><g i="48" c="312" charCode="51" p="#^RG1g2HBg2Heh2HIiiG$jvFmlmEBlTFUlLG9nzHlozHSpzHorNGQs_EawiAawlyaw$vwv%$vcqfyfrKzfrPAfroBKq_Bdq0Cqp3CNnHzNnPyNntx2o%txHjpyTj_yTjaATjSAejvBJinB1ijBAhMAdheARglzRg2yRg7wFh%5wJcbyac9AacNFacRG1g" /><g i="49" c="313" charCode="224" p="#^HH$v%UC$v%UCiv_B4wEA4wNy4wtxJu9wlt$vir%$virTvSotxhnZyPlbBPleCPlUC9mUCklMCbllCGk0BGkLyGkpxOl%pxFhuzKgVBKglEKgRFIhHHTiHHel^TCJr%TCTpOCGpvCvpdCjpUBkplBmpZANpBAbqBAOqBArrZASrlBgsVBhsFCjsTCJr^BDwg%9Bwg%6zlc%wClc" /><g i="50" c="314" charCode="119" p="%^tO3h3M$vhG$vhFrncE$vry$v$v3hNA3hEBLpIC3hOH3hQILpHJ3h" /><g i="51" c="315" charCode="53" p="#^zISozI3sAG3unEhwjAhwqyhw$vjv%$v5q5xOqdycrmzBrrABrXCBrXCvpXCrnSzrnayrnaw_n%8wlc%DGlc%DG7h%XA7h%XA5jiB2jSB2joF2jcHglzIVmzISo" /><g i="52" c="316" charCode="7845" p="#^HH$v%UC$v%UCiv_B4wEA4wNy4wtxJu9wlt$vir%$virTvSotxhnZyPlbBPleCPlUC9mUCklMCbllCGk0BGkLyGkpxOl%pxFhuzKgVBKglEKgRFIhHHTiHHel^TCJr%TCTpOCGpvCvpdCjpUBkplBmpZANpBAbqBAOqBArrZASrlBgsVBhsFCjsTCJr^dJu9%bHFd%LEFd%PFu9^vGpg%wDpg%bCde%RApg%Rxpg%KAlc%CDlc" /><g i="53" c="317" charCode="7843" p="#^HH$v%UC$v%UCiv_B4wEA4wNy4wtxJu9wlt$vir%$virTvSotxhnZyPlbBPleCPlUC9mUCklMCbllCGk0BGkLyGkpxOl%pxFhuzKgVBKglEKgRFIhHHTiHHel^TCJr%TCTpOCGpvCvpdCjpUBkplBmpZANpBAbqBAOqBArrZASrlBgsVBhsFCjsTCJr^CA4bvBIakCIayDIanEnbdF1cdF8ddF3eIEOe4EGfmDTf%mDqg%jBqg%jBrebCpewC1eICRdICtdICadBC1dqCRc$BRctBRcCA8d" /><g i="54" c="318" charCode="225" p="#^HH$v%UC$v%UCiv_B4wEA4wNy4wtxJu9wlt$vir%$virTvSotxhnZyPlbBPleCPlUC9mUCklMCbllCGk0BGkLyGkpxOl%pxFhuzKgVBKglEKgRFIhHHTiHHel^TCJr%TCTpOCGpvCvpdCjpUBkplBmpZANpBAbqBAOqBArrZASrlBgsVBhsFCjsTCJr^UElc%RCwg%qAwg%uBlc" /><g i="55" c="319" charCode="253" p="#^1Ihw1IQy$FXz4EjBkBjBxyjBwwbA%wwXvFyux6BuxkDuxkD4w%kD8vxDtvLCLvZB1w$A1w$y1wWxVu$vmt$vpq%$v3h%MA3h%MAzqMAdr9BErzB3s3C3s5D3skDyq%kD3h%1I3h^dFlc%bDwg%LAwg%PBlc" /><g i="56" c="320" charCode="7921" p="#^xEfzxE2AYDCAnDbBACbB%ACbBLBbBaBCABA2ABAfzBAryaBSxLBixACixnDixYDTxxEsyxEfz^NIThNIwijI_iSHrjcHrj%cHrjxGrj3G_iCFxiCFThCFeh3GMgxGigcHigSHigjIMgNIehNITh^$Hrj%$H$v%kD$v%kD5vvDtvACNvGB5wCA4wOy2wvxQu$vrt$v8r%$v3h%JA3h%JAAqJAgr6BGrvB4s$B4s3D4siDzq%iD3h%HF3hBFBhBFThBFyi4G1jzGwjfHwjuHwj$Hrj" /><g i="57" c="321" charCode="7919" p="#^ZBId4D_dqD_dYD_dYD6d%pG6dpGrgmErgJDrgCC5gvBLfdBLfSALfSAtg%iytgiypdjApdSApdZBId^NIThNIwijI_iSHrjcHrj%cHrjxGrj3G_iCFxiCFThCFeh3GMgxGigcHigSHigjIMgNIehNITh^$Hrj%$H$v%kD$v%kD5vvDtvACNvGB5wCA4wOy2wvxQu$vrt$v8r%$v3h%JA3h%JAAqJAgr6BGrvB4s$B4s3D4siDzq%iD3h%HF3hBFBhBFThBFyi4G1jzGwjfHwjuHwj$Hrj" /><g i="58" c="322" charCode="52" p="%^3LisQIisQI$vBD$vBDis_wis$vgoAClcQIlcQIGn3LGn^BDGnBDGipBGn" /><g i="59" c="323" charCode="245" p="#^QIIkEJomEJyoEJJr$HNt1GbwNCbw%NCbwEzbwCxIt1wJr1wyo1wmmWwykHxWilzUhWAWgNCWgFEWgfGVhZHUiQIIk^XECoXEZmhE$lHD8lNC8lVB8liB3mIA_mHAloHA8qiB3rVB_rNC_rGD_rkE4r_E9qXECo^yCIdFD_d$D_dxE_dxE6d%$G6d$GrgXErgjErgbD5g4CLfOBLfrBLfrBtg%UytgUypdVApdrBpdyCId" /><g i="60" c="324" charCode="237" p="%^HA$v$v$v$v3hHA3h^HAlcFywgdwwghxlc" /><g i="61" c="325" charCode="48" p="#^nL3mnLgqiKvsvIkwxDkwpzkwxxdt$vIq$vom$vMhsxhfmz1cND1cnL1cnL3m^tFbmtFIgDDIgVBIgVB6mVBCrKDCr%KDCrtFCrtFbm" /><g i="62" c="326" charCode="7911" p="#^$H$v%kD$v%kD5vvDtvACNvGB5wCA4wOy2wvxQu$vrt$v8r%$v3h%JA3h%JAAqJAgr6BGrvB4s$B4s3D4siDzq%iD3h%$H3h^gA4b9BIa_BIacDIa1EnbTE1cTE8dTE3elEPeJDGf0DTf%0Dqg%ZAqg%ZAreRBpeaC1emCRdmCtdmCadeC1d4CRcFBRc6BRcgA8d" /><g i="63" c="327" charCode="7879" p="#^CIQp%QAQpQAPqOBBrvC3sRD3s6G3s2IEq%2I5vNFawmDawbAawsyruWvcs$vYn4wtkqypi7ATgvCSg%vCSgFFQggH4jHI3lHIpoHIZoCIQp^8Eqm4EWlADtl5D0lqC_kOB_kiBslPAWlKAqm^RGpg%SDpg%wCde%cBpg%aypg%4Blc%YDlc^xEfzxE2AYDCAnDbBACbB%ACbBLBbBaBCABA2ABAfzBAryaBSxLBixACixnDixYDTxxEsyxEfz" /><g i="64" c="328" charCode="88" p="%^mMlcXHLlhM$v$F$vbEdqcC$v4w$vCASl$vlccClcdExh$Flc" /><g i="65" c="329" charCode="243" p="#^QIIkEJomEJyoEJJr$HNt1GbwNCbw%NCbwEzbwCxIt1wJr1wyo1wmmWwykHxWilzUhWAWgNCWgFEWgfGVhZHUiQIIk^XECoXEZmhE$lHD8lNC8lVB8liB3mIA_mHAloHA8qiB3rVB_rNC_rGD_rkE4r_E9qXECo^yFlc%wDwg%4Bwg%8Clc" /><g i="66" c="330" charCode="54" p="#^$KIn6Lmo6LZo6L5sfJMtaHnw1EkwZzew2ymt$vEq$vpm$vXisxDgTzYb5F1chH3cyJLc%yJ1iUGAg4FAg4CAgBBwjFCri4FrimHriWIMjHKcl$KIn^BFqpBF$mRD$m1D$myCzn$Bbo0Cqp1CCqDCir7DRrRDRr%RDRrBFRrBFqp" /><g i="67" c="331" charCode="55" p="%^gIFgTC$v1x$vgCgh$vgh$vlcgIlc" /><g i="68" c="332" charCode="79" p="#^aNam9N1r3LEtTIkwAEkw8whw$vamWvmh7yIelA1cAE1cQI1c0LIecNmhaNam^DH9mEHehAEeh6DehkCviyBMjAB9mDB4rAE5r%AE5rAH6rDH9m" /></glyphs></font><font id="30" name="UTM American Sans Charset1_ 6GXvtUZYzge"><glyphs><g i="0" c="256" charCode="72" p="%^tJ$vyE$vyE$qUA$qUA$v$v$v$vrcUArcUAdmyEdmyErctJrc" /><g i="1" c="257" charCode="101" p="#^nIIp%pAIppA4rpBQriCtsLDts9GtsNH2r%NHavFFawfDaw7AawcypuWvhs$v2o4wBkfyEi2A4hnC2h%nC2hsF0h0HdjqIalqIvoqI6pnIIp^iEJmeESlFDkl4DOkiCMkyBMkZAjlpASlkAJm" /><g i="2" c="260" charCode="108" p="%^gA$v$v$v$vrcgArc" /><g i="3" c="261" charCode="111" p="#^BIQkpJvmpJFopJOrNHQtRFbwFCbw%FCbwAzbwDxOt1wOr1wFo1wumQwQkGx4jiz4iRA7hFC7hvE7h2G4iLH2jBIQk^7FIo7FYmpEVlKDWkFCWkDBWkYAYliA_mgAIogAlqXAnrDBpsFCpsIDpsqEor9Fnq7FIo" /><g i="4" c="262" charCode="33" p="#^LAfc%LzsqJzvqIzvq%WwvqTwvqTwsq%$vfc$vcc2wcc%IAccLAccLAfc^uAOtuATuUzAvizhwfyfwcxfwCwzv1wSu1wOt1wLsDw2sdxlrfylrgznrTz3suALsuAOt" /><g i="5" c="263" charCode="77" p="%^sQ$vsL$vsL4jEI$vND$v_A4j_A$v$v$v$vrcaErcfGFnGIrcsQrc" /><g i="6" c="264" charCode="121" p="#^LHywLH$yHFiAUDqBaBqBpyqBxwnA%xwswmy$xYA$xtD$xtDkw%tD7vfDvvwCMvNB1wRA1wVy1wBxTu$vst$vzq%$vfh%lAfh%lAIqlAtrPAZriBtsWBtscDtstDJq%tDfh%LHfh" /><g i="7" c="265" charCode="32" p="#" /><g i="8" c="266" charCode="110" p="#^GH$v%nD$v%nDnmnDDlVCblrCLkQBLkvALkdAnm%dA$v%$v$v%$vfh%dAfh%dAcisAOhhBwh6Ceh6Dfh$EkhbGhiGHxjGH5m" /><g i="9" c="267" charCode="97" p="#^pH$v%1D$v%1DhvNB4wuA4wIy4wqxLu9wqt$vqr%$vqrTv2pqxxnTy5m1B5m3C5m1Dum1DglRC4llCskSAskqyskqxBl%qxNhmzWgNBWgaEWgFFThpH$ipHgl^$CWr%$CZpUCDpwCpp9CapJBcp4BdpDAJpaAdqaAYqaAGrDAbs4BHsJBIsJCLs$CWr" /><g i="10" c="270" charCode="109" p="#^dP$v%VK$v%VKrmVKBlpKblWJMkfJQkNHVkNHvm%NH$v%oD$v%oDrmoDDlYC8lzCLkWBLkkBJkRA9lnAAlgApm%gA$v%$v$v%$vfh%gAfh%gA8ivALhgBvh1CehYCehtFehNG1jhHeiiILhjJfhsKfhoMfhJNmidPEjdP1m" /><g i="11" c="271" charCode="105" p="#^IAheIApf4A7gszRgnyRggxRgEw7g1wpf1whe1wadEwscgxJbnyIb%nyIbszIb4ArcIAadIAhe^vA$v%dw$v%dwfh%vAfh" /><g i="12" c="274" charCode="115" p="#^yEglICnkFBxkuAIkuABluA7m4BBmUBdnJCRnFDDo9EkpLEdqLEorLEctsDBuZBbwszbwWxbw$vBv%$vFrtw6slxssdyNs$yNsFzNs1AvsyA9syAAryAZq_zsq7zTpxxDo5won5wul5wnkDwnjQx8h$AYgICRgyEnh" /><g i="13" c="275" charCode="71" p="#^NKIuSHnw6EjwsAdwcyft4woq$v4mWv5iWxsfJz4dFCqcRD9c6F9cbH9c_JZc%_JciLHfghFvgvDHgqC0idBvjaB7m9BcoNBGpxCqr4EGrWEQr4Gkr%4G2p%xD2p%xD2l%NK2l" /><g i="14" c="276" charCode="117" p="#^KH$v%tD$v%tD4vdDvvlCOvuB5wsA4wIy2wsxTu$vwt$vir%$vfh%iAfh%iAJqiAwrMA0sfBvsTBvsaDvssDLq%sDfh%KHfh" /><g i="15" c="277" charCode="116" p="#^RDVvOC5wRB5wQz5wFy6vux7uuxfs%uxtk%$vtk%$vfh%uxfh%uxde%OBGc%OBfh%DDfh%DDtk%OBtk%OBfrOBssRCssfDssRDhs" /><g i="16" c="278" charCode="118" p="%^LIfh9F$vBz$v$vfhyAfhnCRqeEfh" /><g i="17" c="279" charCode="100" p="#^AI$v%nE$v%kEbvtD4wTB4wBz4wSx$t1wQr$vFo%$vFoZvmlBxhjdzbhGBbh_BbhfCchoDkhkEWh%kErc%AIrc^kEOp%kErnZDflnCflkAfllAFolA3snC2sZD0skEOp" /><g i="18" c="280" charCode="73" p="%^TA$v$v$v$vrcTArc" /><g i="19" c="281" charCode="119" p="%^kOfhVL$vsG$veFgnUD$vsy$v$vfhoAfhuB7qOCfhyHfhSI7qWJfh" /><g i="20" c="282" charCode="107" p="%^HH$vJC$vgAZqgA$v$v$v$vrcgArcgAJllCfhWGfhtDAn" /><g i="21" c="283" charCode="103" p="#^BImvBIqylG9ApEFBABFB4zFBmxvA%mxbw1y4x7zAxdA5ylB5yFC5ysDsxlEJwkEqv%kEqv%kE7v$C4wAB4wVy4wkxAtZvqr$vCo1wilxxdj2z8hsB8hNB8h6CbhFDnhkE5i%kEfh%BIfh^kEOp%kErnZDclnCclnAallAAokAYrnCYrZDYrkEOp" /><g i="22" c="284" charCode="104" p="#^HH$v%oD$v%oDpmoDDlVCblqCLkOBMkxAOkgAlm%gA$v%$v$v%$vrc%gArc%gAYhuADhnBjhhC$gkD$g9F$giG0iHHjjHH_l" /><g i="23" c="285" charCode="46" p="%^dA$v$v$v$vwrdAwr" /><g i="24" c="286" charCode="106" p="#^CCheCCnfZB6glBRggARgazRgyy7gWxpfWxheWxadyyscazJbgAIbnBIb_BrcCCadCChe^rCyuqCBx1ByzMzfBWxAB%$vSxaysxayyu%ayfh%rCfh" /><g i="25" c="287" charCode="98" p="#^AIFo%AIFoAIQrLGZt0F1wLC1w7B1wgA5v%gA$v%$v$v%$vrc%gArc%gAWhaBkhkCchDCbhWCbhnFbh_GhjBImlAIFo^fEFohEfldCflDAflgArn%gAOpCA0sdC2seE3sfEFo" /><g i="26" c="288" charCode="102" p="#^cEsfDDhfcDhf4Chf4Csg%4Cfh%DDfh%DDpk%4Cpk%4C$v%Ox$v%Oxpk%$vpk%$vfh%Oxfh%OxtfOxDd1zFcaAIbdCIb9DIbcEUb" /><g i="27" c="289" charCode="114" p="#^CDgloCclvBJlJA9msA_mgAyngAGo%gA$v%$v$v%$vfh%gAfh%gAKiJA5iHBFhFCchCDbh" /><g i="28" c="290" charCode="112" p="#^AIooBIKrYGVtkF4wTC4wCC4wkC1w%kC1w7BVvgAiv%gArB%$vrB%$vfh%gAfh%gA8iUAshvCfhRCehaDehBFeh3HbjyI8lAIoo^fECofEclcCclCAclgAsn%gAQpDA$rcC$rfE$rfECo" /><g i="29" c="291" charCode="52" p="%^SKesAIesAI$vLD$vLDesYwes$vooCCrcAIrcAI$nSK$n^LD$nLDpi$A$n" /><g i="30" c="292" charCode="65" p="#^IJ$v%wE$v%wEws%_Aws%_A$v%$v$v%$vKi$vZfUx3eOz9cJCacIFccIHceIJcgIJ8j^wE6o%wEfjwEqi0ENhwD8hJC8hWB8hsBOh_Asi_Afj%_A6o" /><g i="31" c="293" charCode="113" p="#^AIfh%AIrB%iErB%iEivqDVvfC1w%fC1w_B4wIB4wfz4wCxVtZvKr$voo1w8lvxbj_yehnBehJBeh4CfhIDshiE8i%iEfh^iEQp%iEsnYDcllCcllAclkACoiA$rlC$rYD$riEQp" /><g i="32" c="294" charCode="99" p="#^IFtvsEawICawlzawAxTt2wWr2wLo2wumTwOkJx$ioz0iZA4hQC4hiE4hBFIh%BFulvEQknDQk4CQkfBJllALmkAIokACqkBDrcCvsyDvsOEvsIFNr" /><g i="33" c="295" charCode="75" p="%^QJ$v7E$vUARoUA$v$v$v$vrcUArcUAYjeErcaJrcGE2m" /><g i="34" c="298" charCode="7889" p="#^BIQkpJvmpJFopJOrNHQtRFbwFCbw%FCbwAzbwDxOt1wOr1wFo1wumQwQkGx4jiz4iRA7hFC7hvE7h2G4iLH2jBIQk^7FIo7FYmpEVlKDWkFCWkDBWkYAYliA_mgAIogAlqXAnrDBpsFCpsIDpsqEor9Fnq7FIo^AJx9%BHhd%wFhd%yGx9^UG5g%eE5g%JCTd%dB5g%xy5g%oBrc%1Erc" /><g i="35" c="299" charCode="7879" p="#^nIIp%pAIppA4rpBQriCtsLDts9GtsNH2r%NHavFFawfDaw7AawcypuWvhs$v2o4wBkfyEi2A4hnC2h%nC2hsF0h0HdjqIalqIvoqI6pnIIp^iEJmeESlFDkl4DOkiCMkyBMkZAjlpASlkAJm^yG5g%UD5g%oCTd%VA5g%dy5g%2Brc%KDrc^bEAzbEgAGDNAaDiBrCiB%rCiBJBiBcBNAHAgAHAAzHARycBkyJBPxrCPxaDPxGDkybERybEAz" /><g i="36" c="300" charCode="7897" p="#^BIQkpJvmpJFopJOrNHQtRFbwFCbw%FCbwAzbwDxOt1wOr1wFo1wumQwQkGx4jiz4iRA7hFC7hvE7h2G4iLH2jBIQk^7FIo7FYmpEVlKDWkFCWkDBWkYAYliA_mgAIogAlqXAnrDBpsFCpsIDpsqEor9Fnq7FIo^UG5g%eE5g%JCTd%dB5g%xy5g%oBrc%1Erc^sEAzsEgAXDNArDiBJCiB%JCiB_BiBtBNAYAgAYAAzYARytBky_BPxJCPxrDPxXDkysERysEAz" /><g i="37" c="301" charCode="243" p="#^BIQkpJvmpJFopJOrNHQtRFbwFCbw%FCbwAzbwDxOt1wOr1wFo1wumQwQkGx4jiz4iRA7hFC7hvE7h2G4iLH2jBIQk^7FIo7FYmpEVlKDWkFCWkDBWkYAYliA_mgAIogAlqXAnrDBpsFCpsIDpsqEor9Fnq7FIo^eFrc%fDcg%aBcg%cCrc" /><g i="38" c="302" charCode="224" p="#^pH$v%1D$v%1DhvNB4wuA4wIy4wqxLu9wqt$vqr%$vqrTv2pqxxnTy5m1B5m3C5m1Dum1DglRC4llCskSAskqyskqxBl%qxNhmzWgNBWgaEWgFFThpH$ipHgl^$CWr%$CZpUCDpwCpp9CapJBcp4BdpDAJpaAdqaAYqaAGrDAbs4BHsJBIsJCLs$CWr^dDcg%9Bcg%azrc%cCrc" /><g i="39" c="303" charCode="63" p="#^xFJdtHfftHThtH1kbGTlOEOnGCoo%GCRq%IyRq%IyLlDAIlxBIkhCVjhCHihCGhRBbhcBsgQzsgMxsg$vQh%$vndcyacGAacADacxFJd^TC2uTC5vhCOvIBvwFAvw%FAvwBztw$yNvqy5vqy2uqy$s0zjsDzCrFACrGBCrgCjsTC$sTC2u" /><g i="40" c="304" charCode="81" p="#^$Mfm_MBstJ$uDKbvcLbv1MbvLMVu%LMOyOLczDKczNJcz7IRytGuyDFuyqEuy9DRy%aDfw7wsv$vfmWvph6yNeiA9cvE9cGI9cRKOe1Nqh$Mfm^SHfmSHZgvEZgRCZg$Bli9BJjaBfmdBvrvEwr%vEwrQHwrSHfm" /><g i="41" c="305" charCode="49" p="#^AB$v%Iw$v%IwWh%LvWhpwsgCwVf8xhe9xrc%ABrc" /><g i="42" c="306" charCode="67" p="#^WIpveHkwVEkwUCkw9BBvdzOu1yft$vDq$vnm$vmj4x4hdyIeuAndAC7c2F7c0H7cNIXc%NI$hiH8hLF8hUD8hLCmirBJjqBjmoBToQCdq2EorWForGHorWIoq" /><g i="43" c="307" charCode="218" p="#^BJIqBJntsHYuvFmwJCkw_zjw5yVu$vlt$vJq%$vrc%WArc%WAopWAirRCirFEkrFElp%FErc%BJrc^7FL7%9Dvb%4Bvb%6CL7" /><g i="44" c="308" charCode="7914" p="#^CEvb%xCvb%yAL7%ADL7^nK1dnKAdZJ_dAJne0Jne%0JnerIne1I_dEHAdEH1dEHtc1I3crIFb0JFbAJFbZJ3cnKtcnK1d^BJQe%BJIqBJntsHYuvFmwJCkw_zjw5yVu$vlt$vJq%$vrc%WArc%WAopWAirRCirFEkrFElp%FErc%cHrc6HJc6H3d6HPdFHnecIWe$IWejJWeBJQe" /><g i="45" c="309" charCode="78" p="%^VK$vsF$v_Aml_A$v$v$v$vrc6CrcKFMlKFrcVKrc" /><g i="46" c="310" charCode="66" p="#^jIoqpIRstGtuFE$v9C$v%$v$v%$vrc%$BrcfErcVFYdAHtfHHIhSHnkTF9maIGnjIoq^3DDi0DYhyCth4CZgqBZg%UAZg%UAjk%rBjk7CkkBCQj3Dkj3DDi^iDDpfD_oPCzonC7oOB7o%UA7o%UAir%TBirvCirWCOqlDiqiDDp" /><g i="47" c="311" charCode="7840" p="#^IJ$v%wE$v%wEws%_Aws%_A$v%$v$v%$vKi$vZfUx3eOz9cJCacIFccIHceIJcgIJ8j^wE6o%wEfjwEqi0ENhwD8hJC8hWB8hsBOh_Asi_Afj%_A6o^sEAzsEgAXDNArDiBJCiB%JCiB_BiBtBNAYAgAYAAzYARytBky_BPxJCPxrDPxXDkysERysEAz" /><g i="48" c="312" charCode="272" p="#^xMfmvMUqkKstaI$v9E$v%Bx$v%Bxun%$vun%$vYk%BxYk%Bxrc%cErcfIrcoK0fyMBhxMfm^mHdmmHNjvGsiFF7h2E7h%tC8h%tCYk%DEYk%DEun%tCun%tClr%2ElrmHlrmHdm" /><g i="49" c="313" charCode="195" p="#^IJ$v%wE$v%wEws%_Aws%_A$v%$v$v%$vKi$vZfUx3eOz9cJCacIFccIHceIJcgIJ8j^wE6o%wEfjwEqi0ENhwD8hJC8hWB8hsBOh_Asi_Afj%_A6o^rCk8zDD8XDD8KED8KEJ7%KGJ7KGDaUEDahEDa9Dha1CX9HBX93BX93BFa%ZyFaZy18MA18jB18rCk8" /><g i="50" c="314" charCode="7884" p="#^$Mdm_M6rVKHtLIkwvEkw8whw$vdmWvph6yMeiA7cvE7cII7cSKMe1Nph$Mdm^SHdmTHYgvEYgRCYg$Bki9BHjaBdmdBtrvEvr%vEvrOHwrSHdm^fGAzfGgAKFNAeFiBvEiB%vEiBNDiBgDNALCgALCAzLCRygDkyNDPxvEPxeFPxKFkyfGRyfGAz" /><g i="51" c="315" charCode="193" p="#^IJ$v%wE$v%wEws%_Aws%_A$v%$v$v%$vKi$vZfUx3eOz9cJCacIFccIHceIJcgIJ8j^wE6o%wEfjwEqi0ENhwD8hJC8hWB8hsBOh_Asi_Afj%_A6o^kFL7%lDvb%hBvb%iCL7" /><g i="52" c="316" charCode="80" p="#^EJgkBJynIHKpQFWr$CWr%UAWr%UA$v%$v$v%$vrc%YCrcZFrcPHHeGJWgEJgk^LEnkLEZi9E5itD5h7C5h%UA5h%UABn%7CBnIEBnLEnk" /><g i="53" c="317" charCode="7899" p="#^7FIo7FYmpEVlKDWkFCWkDBWkYAYliA_mgAIogAlqXAnrDBpsFCpsIDpsqEor9Fnq7FIo^eFrc%fDcg%aBcg%cCrc^GIShGIpigIOiTHbjjHbj%jHbjLGbjlGOiYFpiYFShYFihlGUgLGugjHugTHuggIUgGIihGISh^VHHjjIckBIQkpJvmpJFopJOrNHQtRFbwFCbwAzbwDxOt1wOr1wFo1wumQwQkGx4jiz4iRA7hFC7h7E7hqFKh%qFShqFEiZFcjxGLjmHLjEHLjVHHj" /><g i="54" c="318" charCode="7913" p="#^VErc%WCcg%RAcg%TBrc^xIShxIpi7IOiKHbjaHbj%aHbjBGbjbGOiOFpiOFShOFihbGUgBGugaHugKHug7IUgxIihxISh^KHHj%KH$v%tD$v%tD4vdDvvlCOvuB5wsA4wIy2wsxTu$vwt$vir%$vfh%iAfh%iAJqiAwrMA0sfBvsTBvsaDvssDLq%sDfh%mFfhhFxhhFShhFEiRFcjpGLjdHLjuHLjKHHj" /><g i="55" c="319" charCode="7845" p="#^pH$v%1D$v%1DhvNB4wuA4wIy4wqxLu9wqt$vqr%$vqrTv2pqxxnTy5m1B5m3C5m1Dum1DglRC4llCskSAskqyskqxBl%qxNhmzWgNBWgaEWgFFThpH$ipHgl^$CWr%$CZpUCDpwCpp9CapJBcp4BdpDAJpaAdqaAYqaAGrDAbs4BHsJBIsJCLs$CWr^ZIx9%$Ghd%WEhd%YFx9^cG5g%zD5g%3CTd%yA5g%Tx5g%IArc%nDrc" /><g i="56" c="320" charCode="50" p="#^$H$v%Pw$v%$vssYyzpyB9mJCDkJC4jJCNgdANg5yNgjwki%jwtdAyic7Bic2EicQFRdLHyfLH4iLHqk0G$mFE2pvEfpyDAqFCtr%$Htr" /><g i="57" c="321" charCode="51" p="#^AG2gLGzgLGchLGDi0GTjfFcl0EFlFF9mvGnnhHvohH$phHvrwGVsLEaw7Aawayaw$vAv%$vCq_xFryzFrLAFrqB3r6Ctq7CzpaCDnvzDnAyDnvxUn%vxYjay7kOy7k5A7kTAqjCBOiuBZhoBphMA_g9Ayg9zygMxyg7wnh%5wNc$xhc_zhcwFhcAG2g" /><g i="58" c="322" charCode="53" p="#^jI_ojI7slG5uaEhw9Ahwgyhw$vnv%$vvqJw9rWxAr7z$rgA$r4D$r4DDp4DgnGzgnVxgnawQn%8wrc%kGrc%kGQg%xAQg%xAmj9BhjJBhjcFhjZGsljI2njI_o" /><g i="59" c="323" charCode="7869" p="#^nIIp%pAIppA4rpBQriCtsLDts9GtsNH2r%NHavFFawfDaw7AawcypuWvhs$v2o4wBkfyEi2A4hnC2h%nC2hsF0h0HdjqIalqIvoqI6pnIIp^iEJmeESlFDkl4DOkiCMkyBMkZAjlpASlkAJm^9CQdhD7eGD7esE7esEdd%tGddtG7gDE7g0E7gTCNfLBrfqBrfOArfOA9g%Iy9gIyxdvAxd1Bxd9CQd" /><g i="60" c="324" charCode="432" p="#^xIShxIpi7IOiKHbjaHbj%aHbjBGbjbGOiOFpiOFShOFihbGUgBGugaHugKHug7IUgxIihxISh^KHHj%KH$v%tD$v%tD4vdDvvlCOvuB5wsA4wIy2wsxTu$vwt$vir%$vfh%iAfh%iAJqiAwrMA0sfBvsTBvsaDvssDLq%sDfh%mFfhhFxhhFShhFEiRFcjpGLjdHLjuHLjKHHj" /><g i="61" c="325" charCode="417" p="#^7FIo7FYmpEVlKDWkFCWkDBWkYAYliA_mgAIogAlqXAnrDBpsFCpsIDpsqEor9Fnq7FIo^GIShGIpigIOiTHbjjHbj%jHbjLGbjlGOiYFpiYFShYFihlGUgLGugjHugTHuggIUgGIihGISh^VHHjjIckBIQkpJvmpJFopJOrNHQtRFbwFCbwAzbwDxOt1wOr1wFo1wumQwQkGx4jiz4iRA7hFC7h7E7hqFKh%qFShqFEiZFcjxGLjmHLjEHLjVHHj" /><g i="62" c="326" charCode="273" p="#^kEOp%kErnZDflnCflkAfllAFolA3snC2sZD0skEOp^kEXd%kErc%AIwb%AI$v%nE$v%kEbvtD4wTB4wBz4wSx$t1wQr$vFoZvmlBxhjdzbhGBbhZBbhfCchoDkhkEWh%kEig%DBig%DBXd" /><g i="63" c="327" charCode="7841" p="#^pH$v%1D$v%1DhvNB4wuA4wIy4wqxLu9wqt$vqr%$vqrTv2pqxxnTy5m1B5m3C5m1Dum1DglRC4llCskSAskqyskqxBl%qxNhmzWgNBWgaEWgFFThpH$ipHgl^$CWr%$CZpUCDpwCpp9CapJBcp4BdpDAJpaAdqaAYqaAGrDAbs4BHsJBIsJCLs$CWr^oDAzoDgATCNAnCiBFBiB%FBiBWAiBpANAUzgAUzAzUzRypAkyWAPxFBPxnCPxTCkyoDRyoDAz" /><g i="64" c="328" charCode="7911" p="#^KH$v%tD$v%tD4vdDvvlCOvuB5wsA4wIy2wsxTu$vwt$vir%$vfh%iAfh%iAJqiAwrMA0sfBvsTBvsaDvssDLq%sDfh%KHfh^lA4b2BMaRBMa$CMaMDobxE$bxE1dxEUd0EDetDnfECDf%EC6g%3B6g%3BzeQByeaC9euCRduCmduCXcjCLc3CtcvBtcUAtclANc" /><g i="65" c="329" charCode="236" p="%^gA$v$v$v$vfhgAfh^5Acg1ycg2wrc4zrc" /><g i="66" c="330" charCode="76" p="%^NG$v$v$v$vrcUArcUAfrNGfr" /><g i="67" c="331" charCode="225" p="#^pH$v%1D$v%1DhvNB4wuA4wIy4wqxLu9wqt$vqr%$vqrTv2pqxxnTy5m1B5m3C5m1Dum1DglRC4llCskSAskqyskqxBl%qxNhmzWgNBWgaEWgFFThpH$ipHgl^$CWr%$CZpUCDpwCpp9CapJBcp4BdpDAJpaAdqaAYqaAGrDAbs4BHsJBIsJCLs$CWr^zErc%ACcg%vAcg%xBrc" /><g i="68" c="332" charCode="7875" p="#^nIIp%pAIppA4rpBQriCtsLDts9GtsNH2r%NHavFFawfDaw7AawcypuWvhs$v2o4wBkfyEi2A4hnC2h%nC2hsF0h0HdjqIalqIvoqI6pnIIp^iEJmeESlFDkl4DOkiCMkyBMkZAjlpASlkAJm^FEz8mFf89Gf8iHf83IT8RIu9RIwaRInbkI6cNHScYG6d%YGBd%nFBd%nF2c7G1cuGEbOGkbOGRaOGraDGeamGY9PFY9cFY9FEga^yG5g%UD5g%oCTd%VA5g%dy5g%2Brc%KDrc" /><g i="69" c="333" charCode="120" p="%^LIfh9F4oGI$vZD$voCfrGA$v2w$vMzgo$vfhGAfhqCAlZDfh" /><g i="70" c="334" charCode="226" p="#^pH$v%1D$v%1DhvNB4wuA4wIy4wqxLu9wqt$vqr%$vqrTv2pqxxnTy5m1B5m3C5m1Dum1DglRC4llCskSAskqyskqxBl%qxNhmzWgNBWgaEWgFFThpH$ipHgl^$CWr%$CZpUCDpwCpp9CapJBcp4BdpDAJpaAdqaAYqaAGrDAbs4BHsJBIsJCLs$CWr^cG5g%zD5g%3CTd%yA5g%Tx5g%IArc%nDrc" /><g i="71" c="335" charCode="7853" p="#^pH$v%1D$v%1DhvNB4wuA4wIy4wqxLu9wqt$vqr%$vqrTv2pqxxnTy5m1B5m3C5m1Dum1DglRC4llCskSAskqyskqxBl%qxNhmzWgNBWgaEWgFFThpH$ipHgl^$CWr%$CZpUCDpwCpp9CapJBcp4BdpDAJpaAdqaAYqaAGrDAbs4BHsJBIsJCLs$CWr^cG5g%zD5g%3CTd%yA5g%Tx5g%IArc%nDrc^oDAzoDgATCNAnCiBFBiB%FBiBWAiBpANAUzgAUzAzUzRypAkyWAPxFBPxnCPxTCkyoDRyoDAz" /><g i="72" c="336" charCode="297" p="#^vA$v%dw$v%dwfh%vAfh^4yQdcz7eBz7enA7enAdd%oCddoC7gyA7gXz7gOyNfGxrflxrfJwrfJw9g%Du9gDuxdqwxdYwxd4yQd" /><g i="73" c="337" charCode="233" p="#^nIIp%pAIppA4rpBQriCtsLDts9GtsNH2r%NHavFFawfDaw7AawcypuWvhs$v2o4wBkfyEi2A4hnC2h%nC2hsF0h0HdjqIalqIvoqI6pnIIp^iEJmeESlFDkl4DOkiCMkyBMkZAjlpASlkAJm^6Frc%7Dcg%2Bcg%4Crc" /><g i="74" c="338" charCode="234" p="#^nIIp%pAIppA4rpBQriCtsLDts9GtsNH2r%NHavFFawfDaw7AawcypuWvhs$v2o4wBkfyEi2A4hnC2h%nC2hsF0h0HdjqIalqIvoqI6pnIIp^iEJmeESlFDkl4DOkiCMkyBMkZAjlpASlkAJm^yG5g%UD5g%oCTd%VA5g%dy5g%2Brc%KDrc" /><g i="75" c="339" charCode="8220" p="%^1wrcgz0i4B0idzrc^1ArcOB0iCD0idDrc" /><g i="76" c="340" charCode="88" p="%^aMrcGHOl5M$v7G$v6E6qUB$v4w$vIAVl$vrcUBrc9ELh7Grc" /><g i="77" c="341" charCode="8221" p="%^ADrckA0ixy0inArc^AzrcOx0i$v0inwrc" /><g i="78" c="342" charCode="44" p="%^dAvr5y9ymv9y$vvr" /><g i="79" c="343" charCode="253" p="#^LHywLH$yHFiAUDqBaBqBpyqBxwnA%xwswmy$xYA$xtD$xtDkw%tD7vfDvvwCMvNB1wRA1wVy1wBxTu$vst$vzq%$vfh%lAfh%lAIqlAtrPAZriBtsWBtscDtstDJq%tDfh%LHfh^VErc%WCcg%RAcg%TBrc" /><g i="80" c="344" charCode="7907" p="#^7FIo7FYmpEVlKDWkFCWkDBWkYAYliA_mgAIogAlqXAnrDBpsFCpsIDpsqEor9Fnq7FIo^tEAztEgAYDNAsDiBJCiB%JCiB$BiBuBNAZAgAZAAzZARyuBky$BPxJCPxsDPxYDkytERytEAz^GIShGIpigIOiTHbjjHbj%jHbjLGbjlGOiYFpiYFShYFihlGUgLGugjHugTHuggIUgGIihGISh^VHHjjIckBIQkpJvmpJFopJOrNHQtRFbwFCbwAzbwDxOt1wOr1wFo1wumQwQkGx4jiz4iRA7hFC7h7E7hqFKh%qFShqFEiZFcjxGLjmHLjEHLjVHHj" /><g i="81" c="345" charCode="7871" p="#^nIIp%pAIppA4rpBQriCtsLDts9GtsNH2r%NHavFFawfDaw7AawcypuWvhs$v2o4wBkfyEi2A4hnC2h%nC2hsF0h0HdjqIalqIvoqI6pnIIp^iEJmeESlFDkl4DOkiCMkyBMkZAjlpASlkAJm^kJx9%mHhd%hFhd%iGx9^yG5g%UD5g%oCTd%VA5g%dy5g%2Brc%KDrc" /><g i="82" c="346" charCode="7857" p="#^pH$v%1D$v%1DhvNB4wuA4wIy4wqxLu9wqt$vqr%$vqrTv2pqxxnTy5m1B5m3C5m1Dum1DglRC4llCskSAskqyskqxBl%qxNhmzWgNBWgaEWgFFThpH$ipHgl^$CWr%$CZpUCDpwCpp9CapJBcp4BdpDAJpaAdqaAYqaAGrDAbs4BHsJBIsJCLs$CWr^tDPc%NFPcDF2eYEUeWDagcCagzAagwzUeQy2eIyPc%$APc4BfdiBBdFB7ecC7eMC7e9DBdoDgdtDPc^kDIc%fBIc%gzX8%iCX8" /><g i="83" c="347" charCode="56" p="#^mKFqmKwtZH2v$FkwhDkwxAkwuy1v$vqt$vzq$v6pOwOnBxum1zPlywpkywvhywpfYxYdIz7ccD7cGG7ctIWdWJnfVJfhSJgkkHJlLIpmyJJnmK1pmKFq^bFVhbF5hBExg0EZfdDZfqCZfRBxghB5hhBVhhBGiRBfjqCQjdDQj%dDQj0EQjBEfjbFGibFVh^nFaqnFhpIEEo2E_n7D_ncC_nxBEoTAhpTAaqTA6rxBMrcCps7Dps%7Dps2EpsIEMrnF6rnFaq" /><g i="84" c="348" charCode="249" p="#^KH$v%tD$v%tD4vdDvvlCOvuB5wsA4wIy2wsxTu$vwt$vir%$vfh%iAfh%iAJqiAwrMA0sfBvsTBvsaDvssDLq%sDfh%KHfh^iDcg%dBcg%fzrc%hCrc" /><g i="85" c="349" charCode="7901" p="#^7FIo7FYmpEVlKDWkFCWkDBWkYAYliA_mgAIogAlqXAnrDBpsFCpsIDpsqEor9Fnq7FIo^cEcg%7Ccg%9Arc%aDrc^GIShGIpigIOiTHbjjHbj%jHbjLGbjlGOiYFpiYFShYFihlGUgLGugjHugTHuggIUgGIihGISh^VHHjjIckBIQkpJvmpJFopJOrNHQtRFbwFCbwAzbwDxOt1wOr1wFo1wumQwQkGx4jiz4iRA7hFC7h7E7hqFKh%qFShqFEiZFcjxGLjmHLjEHLjVHHj" /><g i="86" c="350" charCode="7883" p="#^IAheIApf4A7gszRgnyRggxRgEw7g1wpf1whe1wadEwscgxJbnyIb%nyIbszIb4ArcIAadIAhe^vA$v%dw$v%dwfh%vAfh^fAAzfAgAKzNAdziBvyiB%vyiBMxiBfxNALwgALwAzLwRyfxkyMxPxvyPxdzPxKzkyfARyfAAz" /><g i="87" c="351" charCode="7921" p="#^bEAzbEgAGDNAaDiBrCiB%rCiBJBiBcBNAHAgAHAAzHARycBkyJBPxrCPxaDPxGDkybERybEAz^xIShxIpi7IOiKHbjaHbj%aHbjBGbjbGOiOFpiOFShOFihbGUgBGugaHugKHug7IUgxIihxISh^KHHj%KH$v%tD$v%tD4vdDvvlCOvuB5wsA4wIy2wsxTu$vwt$vir%$vfh%iAfh%iAJqiAwrMA0sfBvsTBvsaDvssDLq%sDfh%mFfhhFxhhFShhFEiRFcjpGLjdHLjuHLjKHHj" /><g i="88" c="352" charCode="57" p="#^WK1mWKtpqJcshH7whC7wsz7wTwOu%Twkq7ycrLzNr6BfsTBfsfDfshEqrsFtqLFDo7EUp3CUpRzUp9yvomw$m1wDkYv1kYvpjYvkgUxceRz4cYC7c$Gcc5JafWKOhWK1m^iFYihFDhCETg$Deg7Deg%7Deg6Beg4BWi4BGl9DGl4EGlHE$kiFjkiFYi" /><g i="89" c="353" charCode="48" p="#^aL7maLlq5KzskIkwqDkwnzkwxxht$vNq$vsm$vOhsxkfjz7cGD7caL7caL7m^FFfmFFpgwDpgvBpgvBamvB0sDD0s%DD0sFF0sFFfm" /><g i="90" c="354" charCode="82" p="#^8K$v%CE$v%9Ckq%UAkq%UA$v%$v$v%$vrc%YCrc4GrcVHceMJ0gMJajMJVkZIrmaIYnTGUo^FEtjFEsi4ENhoD0h6C0h%UA0h%UATl%6CTlCETlFEtj" /><g i="91" c="355" charCode="7844" p="%^IJ$vwE$vwEws_Aws_A$v$v$v$vKi#$vZfUx3e#Oz9cJCac#IFccIHce#IJcgIJ8j^wE6owEfj#wEqi0ENh#wD8hJC8h#WB8hsBOh#_Asi_Afj_A6o^ZGobiEobOCa9iBobFyobuBL79EL7^QJR4SHC8NFC8OGR4" /><g i="92" c="356" charCode="84" p="%^pIbhwEbhwE$vFz$vFzbh$vbh$vrcpIrc" /><g i="93" c="357" charCode="7870" p="%^OG$v$v$v$vrcIGrcIGbhUAbhUAYjtGYjtGvoUAvoUAkrOGkr^fIR4hGC8cEC8eFR4^qFobNCobhBa9Mzob5xobXzL7CCL7" /><g i="94" c="358" charCode="7902" p="#^SHdmTHYgvEYgRCYg$Bki9BHjaBdmdBtrvEvr%vEvrOHwrSHdm^OCe6vDW5iEW5sFW5dGx6_G87_Gb8_G19tGM9WFxa5FMa%5Fgb%wDgb%wDJ9hEI9DEj9XE_8XEw8XE58MEV7wED7YDD7lDD7OCW7^cL1dcLAdPK_dqKneSJne%SJnehJneTI_duIAduI1duItcTI3chJFbSJFbqKFbPK3ccLtccL1d^MKEePKIeTKMe1Nph$Mdm_M6rVKHtLIkwvEkw8whw$vdmWvph6yMeiA7cvE7ctG7c_HIcYHVcYH6dYHRduIoe1JWeNJWekKWeMKEe" /><g i="95" c="359" charCode="7916" p="#^pBe66CW5VCW53EW5QEx6BF87BFb8BF194FM9xExaIDMa%IDgb%7Cgb%7CJ9UCI9eDj9yD_8yDw8yD58nDV76DD7zCD7YBD7pBW7^nK1dnKAdZJ_dAJne0Jne%0JnerIne1I_dEHAdEH1dEHtc1I3crIFb0JFbAJFbZJ3cnKtcnK1d^BJQe%BJIqBJntsHYuvFmwJCkw_zjw5yVu$vlt$vJq%$vrc%WArc%WAopWAirRCirFEkrFElp%FErc%cHrc6HJc6H3d6HPdFHnecIWe$IWejJWeBJQe" /><g i="96" c="362" charCode="192" p="#^IJ$v%wE$v%wEws%_Aws%_A$v%$v$v%$vKi$vZfUx3eOz9cJCacIFccIHceIJcgIJ8j^wE6o%wEfjwEqi0ENhwD8hJC8hWB8hsBOh_Asi_Afj%_A6o^CEvb%xCvb%yAL7%ADL7" /><g i="97" c="363" charCode="89" p="%^qMrcGG9pGG$vNB$vNB9p1wrcQBrcfEDjTGrc" /><g i="98" c="364" charCode="79" p="#^$Mdm_M6rVKHtLIkwvEkw8whw$vdmWvph6yMeiA7cvE7cII7cSKMe1Nph$Mdm^SHdmTHYgvEYgRCYg$Bki9BHjaBdmdBtrvEvr%vEvrOHwrSHdm" /><g i="99" c="365" charCode="85" p="#^BJIqBJntsHYuvFmwJCkw_zjw5yVu$vlt$vJq%$vrc%WArc%WAopWAirRCirFEkrFElp%FErc%BJrc" /><g i="100" c="366" charCode="83" p="#^8HTh9FQgQDQg4DQgvCbhQBAhQBhiQB$iCCDjGDskLEgl$FimDGdnqHooqHXpqHlsKFeuODkwvAkwvykw$vxv%$viqEwWqLxmrTyOrRzOrJAOrfBqrWBYqWBcqWBnpcBJoJAfoBzunuyJm$xim8wEk8w8i8wHgQwnfnyqcxC9cLE$b8HIc" /><g i="101" c="367" charCode="7854" p="#^IJ$v%wE$v%wEws%_Aws%_A$v%$v$v%$vKi$vZfUx3eOz9cJCacIFccIHceIJcgIJ8j^wE6o%wEfjwEqi0ENhwD8hJC8hWB8hsBOh_Asi_Afj%_A6o^4E08%oG08eGf9zF5axEnbPCnbaBnb7A5arzf9jz08%CB08HBs8VBO8gCk9PCk9nDk9MDO8$Dt84E08^QCV3%RFV3%TDG7%OBG7" /><g i="102" c="368" charCode="7862" p="#^IJ$v%wE$v%wEws%_Aws%_A$v%$v$v%$vKi$vZfUx3eOz9cJCacIFccIHceIJcgIJ8j^wE6o%wEfjwEqi0ENhwD8hJC8hWB8hsBOh_Asi_Afj%_A6o^4E08%oG08eGf9zF5axEnbPCnbaBnb7A5arzf9jz08%CB08HBs8VBO8gCk9PCk9nDk9MDO8$Dt84E08^sEAzsEgAXDNArDiBJCiB%JCiB_BiBtBNAYAgAYAAzYARytBky_BPxJCPxrDPxXDkysERysEAz" /><g i="103" c="369" charCode="431" p="#^nK1dnKAdZJ_dAJne0Jne%0JnerIne1I_dEHAdEH1dEHtc1I3crIFb0JFbAJFbZJ3cnKtcnK1d^BJQe%BJIqBJntsHYuvFmwJCkw_zjw5yVu$vlt$vJq%$vrc%WArc%WAopWAirRCirFEkrFElp%FErc%cHrc6HJc6H3d6HPdFHnecIWe$IWejJWeBJQe" /><g i="104" c="370" charCode="7900" p="#^SHdmTHYgvEYgRCYg$Bki9BHjaBdmdBtrvEvr%vEvrOHwrSHdm^lFvb%hDvb%iBL7%kEL7^cL1dcLAdPK_dqKneSJne%SJnehJneTI_duIAduI1duItcTI3chJFbSJFbqKFbPK3ccLtccL1d^MKEePKIeTKMe1Nph$Mdm_M6rVKHtLIkwvEkw8whw$vdmWvph6yMeiA7cvE7ctG7c_HIcYHVcYH6dYHRduIoe1JWeNJWekKWeMKEe" /></glyphs></font><font id="40" name="UTM AndrogyneBold Charset1_ 6jnsWnAw9e7"><glyphs><g i="0" c="256" charCode="80" p="#^yCpq2CVs2C9u2CNuhCDv6BowmzowExowEx3vExCuKx1uPxFt_xTs%pyarFy7qPywp%bAGjuAgiHAih%OAsgRA3gRARfRABfGAAf2Awf2ARe7ALdxApdEBRc5DycEEdc2GdcmJdc1Led$Mqe$M0h$M3kAKdm9InoGEnotDnotDmmtD0mYD0mOI0mOIuhOIMewFMe%gFNe6FOe$EPeGEReCEQeQE8fQEMfQEggDEih%zDQlfDan0D9o" /><g i="1" c="257" charCode="104" p="#^pCQneDBlWE2kOGkivIkiuKkiuKykuK7lfKem%DJ9pwJHpqJdqeJmreJfseJxsjJPs%qJ2tnJ1tGJPs$JBsiKhszL_qYL_qlM_qlMqrlMRsLKuu9J7wKH7wiF7wiFitiF_skFEslFcsoFNrwFGqPFAp6GBogGDnqGPmqGfmqG1moGXljGLliGLlDFLl7E7oyCDqUADugA5wDy5wYx5wuwSvQx5sNyWnEz8kcAJf%dAvfdA4fXziewBndQCndjEndjEMejEXehE1feEFfKD8itDzj7D0lNCDmpCQn" /><g i="2" c="260" charCode="225" p="#^UJls5L1rAL1rZL1rZLurZLWsnKzuNIbwnHbwXEbwXEltXEbs3FCrHC6w4Adw%Ozdwgydwxx8vUwduUwwsZwNoCzrlwA$jUB6jnD9iUE9iuG9igHQiNHciRIciXJcigLYiWKDjvKSk6K1mKJdnSIUqSIjsSItsUIBs%3J5tbJ3tUJls^vD5rqEKpdFaoYFMmmGEl2GtkFEtkoDtkcCLm_AFp_Abs1B9tyB9t4C9tvD5r^KDjgKDHgfEUgGE1hYE_grHygjJvfYKIeYKNdYKicOHicVGtdaGbefF4f$DTfKD1gKDjg" /><g i="3" c="261" charCode="116" p="#^SGMjSGZlyEZl%8DXlQCXlPCYlDCRmrCFncCEoYBCpAB2rABdsDB6tgC6toC6tBC1tYCGshDosBEXq1FXqoFXqoFnroFQsUD1ueC5wPA5wJx5wJxFsJxjsMxTr%Sx4r3y2qbykpkyCoGyin8zolqzYjMzbiMzehMzygvzOf6BRepCReRDReRDig%yD9i%gDzj%hEzjqFzjSGmj" /><g i="4" c="262" charCode="32" p="#" /><g i="5" c="263" charCode="226" p="#^UJls5L1rAL1rZL1rZLurZLWsnKzuNIbwnHbwXEbwXEltXEbs3FCrHC6w4Adw%Ozdwgydwxx8vUwduUwwsZwNoCzrlwA$jUB6jnD9iUE9iuG9igHQiNHciRIciXJcigLYiWKDjvKSk6K1mKJdnSIUqSIjsSItsUIBs%3J5tbJ3tUJls^vD5rqEKpdFaoYFMmmGEl2GtkFEtkoDtkcCLm_AFp_Abs1B9tyB9t4C9tvD5r^NK8gpKJgQJTgGJWgxJXg%kJYgdIYgwG0f5EYgECYgGBYgGBeg%CDFenG8cuH8cXH8chInc$ImeNK8g" /><g i="6" c="264" charCode="109" p="#^eMJtfM3tsM0s%QMoqLNemLNRlLNHlDNHllNHlAMBmOLynFK9p_JyqaJdsBIJtoINuoI0vuIqvHH5wwG5woF5wzEbv%0GZoDGnmDGRlDGFluGFl9GGljFHmXE9nmEZn%wDcp_C_pqCdr%0BCuoA5wNy5w0y5wCwQvjxStVxWrnytqJyXonz7mnzJknzSj5z_iTAbiVBbiuDbiuDCjuDfkeDsl%ZCAm%GCrnJF6iAI6iwK6iwKXjwK0mYJon6LXkUMsjyO6iNP6iIR6iIR6kIR0lsRlmlRWmcRvn%nQOq9QNr9Qis9QRshQ5tgQ4tIQMs_QxsHR$r%TRIr4SvreSmrES$qQS$qdT$qdTtrdTUsDRxu1QawCOaweMaweMJt" /><g i="7" c="265" charCode="97" p="#^UJls5L1rAL1rZL1rZLurZLWsnKzuNIbwnHbwXEbwXEltXEbs3FCrHC6w4Adw%Ozdwgydwxx8vUwduUwwsZwNoCzrlwA$jUB6jnD9iUE9iuG9igHQiNHciRIciXJcigLYiWKDjvKSk6K1mKJdnSIUqSIjsSItsUIBs%3J5tbJ3tUJls^vD5rqEKpdFaoYFMmmGEl2GtkFEtkoDtkcCLm_AFp_Abs1B9tyB9t4C9tvD5r" /><g i="8" c="266" charCode="110" p="#^vGFl7GFlmFzmEEonKDQoTCdqmC6r5CWrLBHsBB5toBDt%$ADuqA5wKy5w1y5wzwSvlxDt0ysrHybp1znnkzMlkzJkkzMj3z0jMAciUBcirDcirDCjrDhk9DBl%zCQnjDFl2F_jZG7izI7iGK7iGK9kGKXkrK$leKpnSJXo%FJFpDJOpAJUpsJmqlJQq7JJr7Jgs7JQsfJ3tcJ2toJ_sQJDs3KJspL$qNL$qbM$qbMrrbMUsBKxu$I8wBH8w8F8w8FEt8F4tjFfs%FFIqDGymDGYlDGFlvGFl" /><g i="9" c="267" charCode="49" p="#^HHIuHH6ttFct_EgtSEgt%lIAerIferIVdrI7dAH9cJGscIFDcVENcRDUc0DZc4C$cqB1dvA1d2A6e2Abf2AJgmBogHCYfdEEfPCKl9Bqs2BTsWA9txAbt3AbtLzbt8z4t%ayWszxUtzxLuFxuvfyMvZy8wNz7w%_B4w%uE4wdF4wCF7wiGcwXGtwHHgvHHIu" /><g i="10" c="270" charCode="50" p="#^qzhs1AurQALqMBTp_CXoqD6o7EcnFFflrGLjhH7ihHXghHcgZGLf8G9foF9fjD9f2C0h%DBphmBDhUAIhcACgcAOfcAdeeCbd5EgczGgcwLgcwLpgwLyiFJdlxIUmGGTorG7pRFBp%$Dyr$DCrSDGrYDArYDBr%aC1t%4E3tSE3tbF2t%0G0tDG_s9HTsEHMscIAseIAskIys%AItsEIrsFIqs%TIlsbJgsmJgsGJgsLJHs%OJetOJXuiJCvJInwbHnw%pFkwdFjw7FjwlEhwPDgw2DewqCewUBewdBgw%2yowVxowPxowvxlwoxewbx0w3xuvZw_uZwBuZwau7xXt" /><g i="11" c="271" charCode="51" p="#^qAXn6CznEDznDEznfFloQF4pQF5qQFHrBE6tvDVtIBVtvzVt0yZr4xit4xvu4xzwvBzwSEzwlHEu$JAs$Jsp$JLn_IEmRHtldGulqGulqGQl%nHjlXH0lsIGkjJ9kUJwjeL3ieL9geLgc$FgcKDgciC_cFAOdFAffFAFf3Bfg9BpgpBJg%XBah6D_eoF_eiH_eiHRgiHbiUFcjjFDjsE0kLDkkSCDk%UBVknB5l3Bfl3APl3AJm3AdnqAXn" /><g i="12" c="274" charCode="114" p="#^rHbiJIbiJIBjJIglLGknfGJmRFJmGEJmnD$oPC_p9Csr%RAKuiA7wEy7wUx7wuwRv9xStNxUrdyuqzy_odzamdzKkdzMjYy$iLAciNBcikDcikDHjkDmk4DBl%yCunxD3lYECj8GcikHbi" /><g i="13" c="275" charCode="111" p="#^DzZkbC7ioF7iwH7iPImj7KDk7KJm7KmqKHftfFewXBewNzewvyYucxFtcxrrcxQnDzZk^ZFJmZFqkFEqk_Dqk$CclLCOlgC_miBkpiBIriBZtGCZtjDZtYDgtyEDs6FhrZF6pZFJm" /><g i="14" c="276" charCode="103" p="#^1KuylKLylK9zYJ9zFJ_y%fJMy%IIvypInybIgy%nHXx6HRx1HMx6F_ALA_ACy_AUwcA2voz2vhy2vcxawtwJw4wxxUvIyCv6ACviCCv1E_vDEmuoFSqjEWsFC1ugBZuSzZutyZuNxUtbxZsbxkrbxRnqz3lLB9i_E9ivG9izHQidIeihJeifKeiuLWiEKlkLJco1JXrrIgu0IYvqH_wpIkxkJZx^hDJxpDtxLDXwhCEw7AEw%ozEw%GyHw1yNw1y$w1y2x2y3xbzGy3BGyiCGyhDJx^NBUrJCUrcEUpEFZnFGvlBGclXFOkpFtkOEtkpDtkbCDmgBwogB2rgBUrNBUr" /><g i="15" c="277" charCode="53" p="#^1DNmrENmeFyn9Glo9GDp9GKrTE4tODZtOBZtuAZtszpt4zdtGyTs%Pxgs4xtt4xqu4xCvFyawnzzwcBzw3FzwLHYtkKaskKMokKlmNI0lmHOjYEOjCDOj5DYjoDcjPDYhXDBhaETgjErgxEOfdFWfOGWf4JWfhKhfNLselM6c%VL0cOL0cIL0crL2ckL9ccKrcRIBcHHKcXGKcYEKcyCsc%LzzlCz$lBz6mozZmVAZmgBZmKBXmTBWm2CUm%lCRmsCOmHCOm" /><g i="16" c="278" charCode="105" p="#^WDiciFiclFedlFldjFwd8F9eiEtftDLgcDZgOChhGBwh3AOh3AAg3Ajg7AYf%hA5fuA$dtAudtAudsArd%pAkdoAjdkA3d6CicWDic^xClsOB1tGB3tGB1tBBRsxBAsxBgsxBXqVBip%PCQlZCkl6DwkgDCjLC1jjCAilBAieAAiEydj0zYj0zyk0zelWyMl%NyumMyymMyym%ByvnmyJo6yBpMxTqEx8syx6tBxGtLx8w0A8w4B8wnC8vGD7u1E1tCEVrCEtrCEsqxCls" /><g i="17" c="279" charCode="121" p="#^9uPz7uJz7utz7uMyKuDxlv2y1w2y2x2y0ypx5zxwXzjv9A0v9Ahu9A0u7AGt%3A6t$yxkDxkjjzciEAciiCciCCqkaDfoqD9sUEDpZFrn6H8l6HVj6H3jyGbidH1iIH1ixK1ixKXjxK9lKIbo$G8r5EEutBsywzVzQxaBgwaBpuaB9uPz" /><g i="18" c="280" charCode="68" p="#^EGgcfKgcbMVdfOFffO8jfOKlhNconMzqPK$rfHnwGCnwVznwFxEuCxfuNxtt%5ACjsA$hFAXgIAEgIAsgIAcgwA6gZzNfZzofZzjeCAndYBScmDCc7FgcEGgc^5EEtwGEtjIAq3KAn3KPj3KXeaGXepFXewE7fHEqfHE3gHEIgmEoi8EBjGDDl%PCjpyCsqqC2r%5CzslCEt5EEt" /><g i="19" c="281" charCode="99" p="#^EHxr2I4s2ICs2IcuGFjvIDewMBew5xew5xRr5x3oEz7leC7iIF7i2J7i2JVj2JsljGfmSFkkLEkkkDkkeCdmoB_noBbroBlsBBUsdCJt0DJtDFJtEHxr" /><g i="20" c="282" charCode="117" p="#^dJci0Lji0LMj0LtkFKLl%fKencKmnaKtnUJsoIJbpfJ2rfJ8sfJssiJCsoJWsoJYsoJXsOJCs5KnsBKWr%_KyrdLlrkLerLLSqXLSqlMSqlMjrlMKsLKnu8J1wJH1whF1whF9thFGsmF7spFOrvFwr0Dew2AewGyew5ylvFxGuFxttFxOsYxmr%az2mqzOkqzckqztjbzQiJAciRBcivDcivDOjvD6kpDFk%uCDorCMopCVogCupaCVpGB0sGBKsGB8tUB8t$C8tbFnp4HLl4HCj4HbjVGFi6IcidJci" /><g i="21" c="283" charCode="7875" p="#^CDPtTFBt3IEruIfsuILsuIrt4IZtlHSudGmvgEew9Cewsxewgxes4xaoOzdllC7iUF7i5J7i5JHk5JpnHG7pfEKqqBAqiB9riBLriBvszBZsnC$tCDPt^GEfkSCfkOBAoiDAoeEPnmFSmmFslmFfkGEfk^aLM7qMF7eN383Ot89Oo9dOkamN6b2NmbxMHb%ILfcnLtcbLGc4LNc5LRc5LZcnLsdrK5eOJ8efJaeSISdwIyduIddsIwc4J1c%7J$b%bKhbkKbbCK_a0LFamLbatL$9rLL9pLm9RKq9cKu9_J0aHJlabJtacI2aaIy97IL8gJe84KS7aLM7^sK8g3KJgsJTgmJWgcJXg%_IYgTHYgcG0fMDYgjCYglBYglBeg%hDKe1G8c9H8cBH8cZHncGImesK8g" /><g i="22" c="284" charCode="273" p="#^gE1qrF7opG$l9GFkIEFkpDFkbC3n_Avp_Abs1B9tvB9tnC9tgE1q^dLSh%VKajKKSjuKRk%IJWnlJrpaJ7qZIvrZIdsZIxs2JMs4JTs6JZs%7J$seJZs$JesbLXqFLXq2MXq2Mnr2MRsdKyuTI4wtH4w0F4w0F9t0Fcs9Fwr8EPtzC3v3BdwFzdwWwdwWwIsWw2pez8mqAakIBujkDhiWEhiaGhi6HUieHhilHYh%kHYhtFYhgEai%qEchwEKgCExgRESfzFEf8GBflGBf%BHCfBHBfBHnfBHNelHdePIjd5KjdJLjdJLXeJLnfELCfrMzfgNof$MnhZLLhwLQhdLSh" /><g i="23" c="285" charCode="7871" p="#^CDPtTFBt3IEruIfsuILsuIrt4IZtlHSudGmvgEew9Cewsxewgxes4xaoOzdllC7iUF7i5J7i5JHk5JpnHG7pfEKqqBAqiB9riBLriBvszBZsnC$tCDPt^GEfkSCfkOBAoiDAoeEPnmFSmmFslmFfkGEfk^wIjdwI2dOITc1K4c8L6bJLsaAMi9KPi9KPOaKPJb4OvccMydLJ_dtJ1e1JUdwIHdwIjd^sK8g3KJgsJTgmJWgcJXg%_IYgTHYgcG0fMDYgjCYglBYglBeg%hDKe1G8c9H8cBH8cZHncGImesK8g" /><g i="24" c="286" charCode="7919" p="#^TLXdHLifSK9g3K4hXI4h1I4hmG9gREjfhEjf%aEjf%1ElfvDvfeDBg%2D1hWCahMCahqCah9CZgNBFgNBjg%SBIf6CxePCLdBDYcPEYccFXcXFddtGqdmHTdUIFeqJFe%FJDecKuesKkd%CKTcNKOcTKOc$KOcdLTcTLbdTLXd^zK6m%fKencKmnbKsnUJsoJJbpfJ2rfJ8sfJssiJCsoJWsoJYsoJXsOJCs4KoswKas%_KyrdLlrkLerLLSqXLSqlMSqlMjrlMKsLKnu9J1wJH1whF1whF9thFGsmF8soFRrwFwr0Dew2AewGyewayrvFxHuFxttFxOsYxnr%az2mrzOkrzckrzujbzRiJAciRBciwDciwDOjwD6kpDFk%uCDorCMopCVogCupaCVpGB0sGBKsGB8tUB8t$C8tbFvp4HLl4HCj4HbjVGFi6IcidJci0Lji0LMj0L3kYK9k1LMj1LXi1LriAKGhsLMgNMMgdOMgdO2idOqjRMDk4MmlqLJlQK1mzK6m" /><g i="25" c="287" charCode="88" p="#^IG9kpG5j2GDhJFkgwF3f4FzchFKbdBAcdBbfdBbi5DPmqBsoEzYqHxItHxMuHx2wDz2wqA2wyBDvcBCu6CHs3DCqnE3pREBqkFKrVF7tsG5uMHnw7JnwXJnwUKSvYLgvSMYtYKhtTJhrkJbqMIZo6IvnLHxm%8J4llKUjYK0jAMFhjNBgnO6fnOYdnOscsMscpLscgKZcuKBduKceuKUejJBgNIlh$HkiiHdjIG9k" /><g i="26" c="288" charCode="7845" p="#^UJls5L1rAL1rZL1rZLurZLWsnKzuNIbwnHbwXEbwXEltXEbs3FCrHC6w4Adw%Ozdwgydwxx8vUwduUwwsZwNoCzrlwA$jUB6jnD9iUE9iuG9igHQiNHciRIciXJcigLYiWKDjvKSk6K1mKJdnSIUqSIjsSItsUIBs%3J5tbJ3tUJls^vD5rqEKpdFaoYFMmmGEl2GtkFEtkoDtkcCLm_AFp_Abs1B9tyB9t4C9tvD5r^oJqdoJ9dFJ$cVKbcQLibzMAasNp9CQp9CQUaCQQbYOCc4NFdCK5ekK8eVJ$doJOdoJqd^NK8gpKJgQJTgGJWgxJXg%kJYgdIYgwG0f5EYgECYgGBYgGBeg%CDFenG8cuH8cXH8chInc$ImeNK8g" /><g i="27" c="289" charCode="7879" p="#^CDPtTFBt3IEruIfsuILsuIrt4IZtlHSudGmvgEew9Cewsxewgxes4xaoOzdllC7iUF7i5J7i5JHk5JpnHG7pfEKqqBAqiB9riBLriBvszBZsnC$tCDPt^GEfkSCfkOBAoiDAoeEPnmFSmmFslmFfkGEfk^XywzXy9z$yVy%5zmy6ziy7zfy%9z9yaz2ycz_xfzOxfzyxtAXwkBXw5DXw5Dry5D1zDCdAvBUAtAUAXyUAXywz^sK8g3KJgsJTgmJWgcJXg%_IYgTHYgcG0fMDYgjCYglBYglBeg%hDKe1G8c9H8cBH8cZHncGImesK8g" /><g i="28" c="290" charCode="8220" p="#^pKHcJKHc3LVcwLcdwLHdwLOduLXd%lLdeEIIeEIKgEImhcJhi8IljyGljREljREQhRE8gCGyerHQdnIjdwJHcpKHc^aGderDIerDKgrDoh1EhiZCljlBljFzljFzQhFz8grByegCPdbDjdkEHcdFHcxFHcGFRcmGcdmGHdmGOdjGXd" /><g i="29" c="291" charCode="8221" p="#^AzljezljYy9jryRirylirydiuy6i%ByPhlBkhlBiflBGeNALdPBHcqDHc7FHc7Fce7FTfrDlhxCeiBBKisAljAzlj^MDPhxGkhxGifxGFeYFMd_GHcCIHcjKHcjKcejKUffIzhIHdiGGMiEFljLEljqEljhEajCDQiCDliCDdiGD4i" /><g i="30" c="292" charCode="107" p="#^UCndlEndlESe%PDxhvDwjbD$kMCVmkCmonGfiIIfi9KfilK8l$H8lkFbo%kFkokFDorF1pHFMpWFkqeG4rqGrrkHJsmIJscJJsmK_r%vKVrSKVrSKfsSKnsOKwsgKStCI_uIH1wvG1wgF1wdEjuiDqttCFqlCgrYB6s%VAIunA5wHy5w$x5wxwSvTx5sRyWnIz8kgAJf%hAvfhA4f$ziepBsdNCnd" /><g i="31" c="293" charCode="7897" p="#^DzZkbC7ioF7iwH7iPImj7KDk7KJm7KmqKHftfFewXBewNzewvyYucxFtcxrrcxQnDzZk^ZFJmZFqkFEqk_Dqk$CclLCOlgC_miBkpiBIriBZtGCZtjDZtYDgtyEDs6FhrZF6pZFJm^NywzNy9zQyVy%WymyXyjyYyfy%_y9y0z2y1zZx3zPx3zyxhAXw9BXwWCXwWCryWC1zsCdAlBUAiAUANyUANywz^BK8gdKJgFJTgvJWglJXg%8JYg1IYglG0fVDYgtCYgvBYgvBeg%rDFebG8cjH8cMH8c6IncPImeBK8g" /><g i="32" c="294" charCode="7841" p="#^UJls5L1rAL1rZL1rZLurZLWsnKzuNIbwnHbwXEbwXEltXEbs3FCrHC6w4Adw%Ozdwgydwxx8vUwduUwwsZwNoCzrlwA$jUB6jnD9iUE9iuG9igHQiNHciRIciXJcigLYiWKDjvKSk6K1mKJdnSIUqSIjsSItsUIBs%3J5tbJ3tUJls^vD5rqEKpdFaoYFMmmGEl2GtkFEtkoDtkcCLm_AFp_Abs1B9tyB9t4C9tvD5r^HAwzHA9zKASy%RAmySAjyTAcy%UAayWA3yXA_x_AOx_AyxcCXw4DXwREXwREryRE1znEdAfDUAdCUAHAUAHAwz" /><g i="33" c="295" charCode="67" p="#^wNXewNEgMKKh2KJePHJewGJe_EPfoEHgDDpiVCYjxCSl9CEn9Chp9CBtqFBtVHBtPK0rjLasjLBsjL5uQIlvrGxwMDxwKxxwKxypKxnk0BngBCreCEmdMGdc5Jdc0LdcaMQcwNydwNXe" /><g i="34" c="298" charCode="7901" p="#^_FJm_FqkFEqk$Dqk0DclMCOlhC_miBkpiBIriBZtGCZtkDZt5EatyEDs1Frr_F6p_FJm^WHjgWHHgpHTgXG1hCG_gjEwgFCDfVAGeVANdVA7dWBBcYC2cbEec%JE0d_EqdbFHdKFrejGVe%HHWfWH8gWHjg^QJ2l8KHl8KJm8KmqKHftgFewXBewOzewvyYucxFtcxrrcxQnDzZkbC7ioF7iwH7iPImjZIxj_IDjmJcjmJlimJRhVI3hNJag6LagyMagyMrhyMQi9L2krKKkQJ2l" /><g i="35" c="299" charCode="7891" p="#^DzZkbC7ioF7iwH7iPImj7KDk7KJm7KmqKHftfFewXBewNzewvyYucxFtcxrrcxQnDzZk^ZFJmZFqkFEqk_Dqk$CclLCOlgC_miBkpiBIriBZtGCZtjDZtYDgtyEDs6FhrZF6pZFJm^zKLbzK7c_JlcBJtcgJqcYGYbiF3byD7ayDd9yDz8GE_7BFu7RGG7%mHs8HHX8OH69nIT9YIla%kKmbzKAbzKLb^BK8gdKJgFJTgvJWglJXg%8JYg1IYglG0fVDYgtCYgvBYgvBeg%rDFebG8cjH8cMH8c6IncPImeBK8g" /><g i="36" c="300" charCode="120" p="#^szaw7zgwZygw%IyhwkwhwkwIukwTsDAhp%tz4mZyQktymkfzxidBxi0CxiACej_CLj9DvktDVlTDlnJGbkJGziJGji3Hei%oHci%8IbiIJbiIJojIJokfI7mEHRmnGUnTFDoPEBpeGmt9IsuHGbw4Fbw3Ebw7DSunCMtABCrmzLtmztvmzKvszaw" /><g i="37" c="301" charCode="224" p="#^UJls5L1rAL1rZL1rZLurZLWsnKzuNIbwnHbwXEbwXEltXEbs3FCrHC6w4Adw%Ozdwgydwxx8vUwduUwwsZwNoCzrlwA$jUB6jnD9iUE9iuG9igHQiNHciRIciXJcigLYiWKDjvKSk6K1mKJdnSIUqSIjsSItsUIBs%3J5tbJ3tUJls^vD5rqEKpdFaoYFMmmGEl2GtkFEtkoDtkcCLm_AFp_Abs1B9tyB9t4C9tvD5r^rIhgrIFgSHTgsH$g7HYgQEvg9DBfpBFepBMdpB5dxCxctD1cIEdc%dF$cvFpdHFGdfGpeQGTe%9ITfrI6grIhg" /><g i="38" c="302" charCode="33" p="#^FF3eFFyexFbf%uDpnUCPpUChqUCAqZC6rcCcrXBcrQzcrFzXpFz1pQz9o%OApj3B4ieBXgpBNfsB3fxBaejB2dXCscPDscFFscFF3e^BC3uBClufCDv5BqwTzqwkyqwky3vkyEusy6uzyDtzyvt%zyltzyitxy3tPzqsIAqsBCqsBC3u" /><g i="39" c="303" charCode="83" p="#^CzOqyzrrFzRrdA0uXC0u6G0u6Gdr6GRpDECo%cDxncCNmJBkmYABlIA_k8AZj8AVi8AZflCteDEfcHHfcqJfcrKGcJLddJLoeJLXfLJLg1JFfoIefEHKezGKeWDKeWD_gWDYhHEMi4F9j_FUjnGdkXGGk%_Hrl1JnmwJin5Koo5KGp5KFsqHHuZEzwSBzw$zzwxyUvKw4vKwHtKwzrCzOq" /><g i="40" c="304" charCode="102" p="#^NvQyExhx6ySu%Tz5m%Cz5m5z5mxyWl0yLl0yjl%2yalnydkQyXjhzFjnAFj%DAyihBVfxDleFFUcvIUc5LUc5Lte5LwfSIwg9I6f6H6faG6fxF3gQE4hgEFj%WEFjrFFjlGAjnHtj_Htj2IMj2IUj%2I1k2IblZGIlbG4mUE4m%ND2m%XC0qHCdrpCds4CttFBFulAtyrwXz%9w$zrv$zrvlzsvazAv1zCv$yGvWy" /><g i="41" c="305" charCode="115" p="#^jEOj8DOj8D3l8DClLDnm%wEjnXERn6F9oVFtpVFIqVF_s6EBumCaw$zawxyawjxTu7wnu7wVs7wgsrw2sMwmrux3r2ytsIybtrz_tgA0uZB0uZBisZBErqBWq%SAhq%6Aup2zco2zCm2zhk5BZiRCQhhFQhHGQhXGOiXGJjIFvkWEOjjEOj" /><g i="42" c="306" charCode="101" p="#^CDPtTFBt3IEruIfsuILsuIrt4IZtlHSudGmvgEew9Cewsxewgxes4xaoOzdllC7iUF7i5J7i5JHk5JpnHG7pfEKqqBAqiB9riBLriBvszBZsnC$tCDPt^GEfkSCfkOBAoiDAoeEPnmFSmmFslmFfkGEfk" /><g i="43" c="307" charCode="118" p="#^uFFnSG8lSGwjSGFihGOhYGEhrHEhfKEhfKFjfKslDHupzG7rCFhsREttZDiu$Bew$zew%Izew%ez8w%hzFujzwrwyPm1yZjoxkj1zcinAcidCcinCDkyCTlDCLnHCnpHC3r%HCUrHCksGCuscDjr2EiqOEPouFFn" /><g i="44" c="308" charCode="7899" p="#^_FJm_FqkFEqk$Dqk0DclMCOlhC_miBkpiBIriBZtGCZtkDZt5EatyEDs1Frr_F6p_FJm^_Cjg_CHgvDUgXD1hdE_gGGygyIvfcKIecKNdcKic2HicbGsdCF5evE4fgDSf_C2g_Cjg^QJ2l8KHl8KJm8KmqKHftgFewXBewOzewvyYucxFtcxrrcxQnDzZkbC7ioF7iwH7iPImjZIxj_IDjmJcjmJlimJRhVI3hNJag6LagyMagyMrhyMQi9L2krKKkQJ2l" /><g i="45" c="309" charCode="7889" p="#^DzZkbC7ioF7iwH7iPImj7KDk7KJm7KmqKHftfFewXBewNzewvyYucxFtcxrrcxQnDzZk^ZFJmZFqkFEqk_Dqk$CclLCOlgC_miBkpiBIriBZtGCZtjDZtYDgtyEDs6FhrZF6pZFJm^LIydLIhd0J6dgKjcbLqbWLIaPMx9ZPx9ZP0bZPXbkOKcsMNdZJdeHJgegJ7eLIWdLIyd^BK8gdKJgFJTgvJWglJXg%8JYg1IYglG0fVDYgtCYgvBYgvBeg%rDFebG8cjH8cMH8c6IncPImeBK8g" /><g i="46" c="310" charCode="7913" p="#^cDjgcDHgKDUg9E1hqE_gUGygMIvfqKIeqKNdqKichHicpGsdPF5eJE4fuDSfcD2gcDjg^zK6m%fKencKmnbKsnUJsoJJbpfJ2rfJ8sfJssiJCsoJWsoJYsoJXsOJCs4KoswKas%_KyrdLlrkLerLLSqXLSqlMSqlMjrlMKsLKnu9J1wJH1whF1whF9thFGsmF8soFRrwFwr0Dew2AewGyewayrvFxHuFxttFxOsYxnr%az2mrzOkrzckrzujbzRiJAciRBciwDciwDOjwD6kpDFk%uCDorCMopCVogCupaCVpGB0sGBKsGB8tUB8t$C8tbFvp4HLl4HCj4HbjVGFi6IcidJci0Lji0LMj0L3kYK9k1LMj1LXi1LriAKGhsLMgNMMgdOMgdO2idOqjRMDk4MmlqLJlQK1mzK6m" /><g i="47" c="311" charCode="108" p="#^xB3tiC3t$Czs%vEsraF_qpF_qXF_qwE9t1EluqChvXA8wSz8wrx8wrxGtpx7tFxzrIxmrLxdr%9xTrPw5sHw5smw5sOwlr%TxoqwyHnkzCk7AHh_AVeeB5eWBCdwCbdiDfdyEldxF4eLFieOFxe%SF5f%TFWf%PFqgKF7hnFai9FSiIEWjpEBk2E6lIDTlkDdm$C_mBCyn%aC6o%QBIpIBiqDBHqwBgrsBzroB5soBisoBQsxB3t^BD_ikDQj0DVk%yCnmwCSlXC7lqDgkPDmjcEtisEKhKESgPEdgSEBfQEnfQElfREmfSEjfSEmfLEzfHEKf3EmhBD_i" /><g i="48" c="312" charCode="7853" p="#^UJls5L1rAL1rZL1rZLurZLWsnKzuNIbwnHbwXEbwXEltXEbs3FCrHC6w4Adw%Ozdwgydwxx8vUwduUwwsZwNoCzrlwA$jUB6jnD9iUE9iuG9igHQiNHciRIciXJcigLYiWKDjvKSk6K1mKJdnSIUqSIjsSItsUIBs%3J5tbJ3tUJls^vD5rqEKpdFaoYFMmmGEl2GtkFEtkoDtkcCLm_AFp_Abs1B9tyB9t4C9tvD5r^HAwzHA9zKASy%RAmySAjyTAcy%UAayWA3yXA_x_AOx_AyxcCXw4DXwREXwREryRE1znEdAfDUAdCUAHAUAHAwz^NK8gpKJgQJTgGJWgxJXg%kJYgdIYgwG0f5EYgECYgGBYgGBeg%CDFenG8cuH8cXH8chInc$ImeNK8g" /><g i="49" c="313" charCode="34" p="#^RCEcTDEcTDsdTDGdRDNdLDne1DVf%tC7hbCTh_BdizBYiMAYiFzYiFz3iFzQhMzahPzZgTzCg%0AWf%fAQemA1emAMdmAGdhAkdzBEcRCEc^kHEcmIEcmIsdmIGdkINdeInevHVf%XGdhFGUhvG9i2GYieFYi8EYi8E3i8EQhgEahiEZgnEzg%vEVf%KEMeRE1eREMdREGdNEkd2GEckHEc" /><g i="50" c="314" charCode="46" p="#^6CQt6CyuDBPvuAqwszqw_xqwQxdv%QxOu%5yst6ylt6yit%5y9t5y5t4yTsizdseAds6Cds6CQt" /><g i="51" c="315" charCode="72" p="#^hDInaD$n$CMo%WBUskBaveBPvaBewdBXwMzPx3yPxNwPxRwKwRw8wixMuWxVszyQq6zToAzVm6AHkrAFiLABgPAQePAgeqAkd1CnceDnc_DjczEScYEbdYE0eYEBeHEug%nECi9EOjVDLk%MILknJLkuJKkIJakQJAj%wL8cULkaKNua3PDaKPubtPSbWO3eFO6fnOmg%gNJl%dMXq2MLrYLnsSL$sSLqtSLmuqM8vqMNvHK9wXJqwcJqwzHqwzHBuzHItWHds9IhrtITp%3JnnTIzn_HDnkHHniGHn%VDGnvDGnhDIn" /><g i="52" c="316" charCode="432" p="#^zK6m%fKencKmnbKsnUJsoJJbpfJ2rfJ8sfJssiJCsoJWsoJYsoJXsOJCs4KoswKas%_KyrdLlrkLerLLSqXLSqlMSqlMjrlMKsLKnu9J1wJH1whF1whF9thFGsmF8soFRrwFwr0Dew2AewGyewayrvFxHuFxttFxOsYxnr%az2mrzOkrzckrzujbzRiJAciRBciwDciwDOjwD6kpDFk%uCDorCMopCVogCupaCVpGB0sGBKsGB8tUB8t$C8tbFvp4HLl4HCj4HbjVGFi6IcidJci0Lji0LMj0L3kYK9k1LMj1LXi1LriAKGhsLMgNMMgdOMgdO2idOqjRMDk4MmlqLJlQK1mzK6m" /><g i="53" c="317" charCode="119" p="#^0IZvdJFvOKCt0MtsiNeqYPBlYPEjYPyhUMyhpMyhKLIhbMoipM2jBMBjBM4kBMHlwLaotKAqqJustJorvJzp%vJhmvJSluJklsJnkkJPj1JriXHriWGriBF2jIFsjIFPjIFol$E8n7EipECxr%ECDqECEnvCHlnCMj6C8jIBciCAcivzciTxbjiyZjyyJkNyqlSyxmZyMn1zyp4z6r4zEs4zJt2zqu0zfvXy7wfA7wFAXvWBHvmC8vEEZs5G1p%8G4r9Gis9Gjt%9Gsu9G6v3G8wAH6w0IZv" /><g i="54" c="318" charCode="7843" p="#^UJls5L1rAL1rZL1rZLurZLWsnKzuNIbwnHbwXEbwXEltXEbs3FCrHC6w4Adw%Ozdwgydwxx8vUwduUwwsZwNoCzrlwA$jUB6jnD9iUE9iuG9igHQiNHciRIciXJcigLYiWKDjvKSk6K1mKJdnSIUqSIjsSItsUIBs%3J5tbJ3tUJls^vD5rqEKpdFaoYFMmmGEl2GtkFEtkoDtkcCLm_AFp_Abs1B9tyB9t4C9tvD5r^$HfbeJ8bZJubVKYbZKUc2LOd8KCeSJRelJaf%xIKfbIZf$H9gUHggVHjgWHsgbIXggHAhCGDh3GFhGFjhkF1hjFHggF$fUFwf%XFuf%0HMecHEesHrePH8e4IOdiIvdgIfdeIRcFHVc0HZcOGvdxGQd0GYd2Fxd$E1dXEec4GJbVGlb$Hfb" /><g i="55" c="319" charCode="243" p="#^DzZkbC7ioF7iwH7iPImj7KDk7KJm7KmqKHftfFewXBewNzewvyYucxFtcxrrcxQnDzZk^ZFJmZFqkFEqk_Dqk$CclLCOlgC_miBkpiBIriBZtGCZtjDZtYDgtyEDs6FhrZF6pZFJm^_Cjg_CHgvDUgWD1hcE_gGGygzIvfbKIebKNdbKic2Hic9GtdqFbevE4ffDTf_C1g_Cjg" /><g i="56" c="320" charCode="7921" p="#^2Bwz2B9z5BVy%cBmydBiyeBfy%fBayiB3yjB_xlBOxlByxzCXwrDXwcFXwcFrycF1zKEdADDUAACUA2BUA2Bwz^zK6m%fKencKmnbKsnUJsoJJbpfJ2rfJ8sfJssiJCsoJWsoJYsoJXsOJCs4KoswKas%_KyrdLlrkLerLLSqXLSqlMSqlMjrlMKsLKnu9J1wJH1whF1whF9thFGsmF8soFRrwFwr0Dew2AewGyewayrvFxHuFxttFxOsYxnr%az2mrzOkrzckrzujbzRiJAciRBciwDciwDOjwD6kpDFk%uCDorCMopCVogCupaCVpGB0sGBKsGB8tUB8t$C8tbFvp4HLl4HCj4HbjVGFi6IcidJci0Lji0LMj0L3kYK9k1LMj1LXi1LriAKGhsLMgNMMgdOMgdO2idOqjRMDk4MmlqLJlQK1mzK6m" /><g i="57" c="321" charCode="112" p="#^TIhiZJqiBKMj3Lxk3LQl3LzpGImstHgu8GWuuE4wTC4wzB4wLACvBAiwsA6xiA3yiAMyiA8zxA7A7zSA_xSAgwSAgwezgwGyqwXx%Uyrnpzelpz$jpzsj9zLiMA_hXB_hAD_hADljAD2kLCXmUC5msDml9ErkQEOjwGeicIeimIeiTIhi^YGzmYGjlrGjl5GjljF8mIENmTD1o9CEqoBLsBBGt8DGtuEGtFFvrQGmpYGRm" /><g i="58" c="322" charCode="81" p="#^XOoxrPjxnPQxePcyROIykOqzDNYz5MfBAKfBwJ7BMINAnIEATHmA%YGVzoGCzlFZy%DEwyjEky3EayeDIxpCmxEB3xCARwazDwGykwny5wnyDvnyhvLy8vbzZuCzYuVxFtVx5qVxYkWAMgpCHejExdoGgcGIgcrOgcrONirO2n3MZqUKUsmJeuKHFv4G2w%$GgwvHuwVHEw%IIXw%zJexvKxxjLHxRLOxoMOxVMOxoNJx_NExkOzxxOvxDOuxJOsxOOrx^OHPeOGPeBFXfNESgYDAicCdmcCJpcCVrQCotpDguEE4uTFTtrHvs$HsrNIypuJQnUJTlfK3kfKCifKQgEJRf0JPeOHPe" /></glyphs></font></bwFonts>