﻿<?xml version="1.0" encoding="utf-8"?>
<manifest identifier="_6ob2ztf3eWK_course_id" version="1.0" xmlns="http://www.imsproject.org/xsd/imscp_rootv1p1p2" xmlns:adlcp="http://www.adlnet.org/xsd/adlcp_rootv1p2" xmlns:xsi="http://www.w3.org/2001/XMLSchema-instance" xsi:schemaLocation="http://www.imsproject.org/xsd/imscp_rootv1p1p2 imscp_rootv1p1p2.xsd http://www.imsglobal.org/xsd/imsmd_rootv1p2p1 imsmd_rootv1p2p1.xsd http://www.adlnet.org/xsd/adlcp_rootv1p2 adlcp_rootv1p2.xsd">
  <metadata>
    <schema>ADL SCORM</schema>
    <schemaversion>1.2</schemaversion>
    <lom xmlns="http://www.imsglobal.org/xsd/imsmd_rootv1p2p1" xmlns:xsi="http://www.w3.org/2001/XMLSchema-instance" xsi:schemaLocation="http://www.imsglobal.org/xsd/imsmd_rootv1p2p1 imsmd_rootv1p2p1.xsd">
      <general>
        <title>
          <langstring xml:lang="x-none">pen_cungnhauontap</langstring>
        </title>
        <description>
          <langstring xml:lang="x-none">Learn more: https://community.articulate.com/series/65/articles/5-minutes-to-fantastic-design-a-drag-and-drop-with-storyline-in-under-5-minutes</langstring>
        </description>
      </general>
      <lifecycle>
        <version>
          <langstring xml:lang="x-none">1</langstring>
        </version>
        <status>
          <source>
            <langstring xml:lang="x-none">LOMv1.0</langstring>
          </source>
          <value>
            <langstring xml:lang="x-none">Final</langstring>
          </value>
        </status>
      </lifecycle>
      <metametadata>
        <metadatascheme>ADL SCORM 1.2</metadatascheme>
      </metametadata>
      <educational>
        <typicallearningtime>
          <datetime>PT0H0M0S</datetime>
        </typicallearningtime>
      </educational>
      <rights>
        <cost>
          <source>
            <langstring xml:lang="x-none">LOMv1.0</langstring>
          </source>
          <value>
            <langstring xml:lang="x-none">yes</langstring>
          </value>
        </cost>
        <copyrightandotherrestrictions>
          <source>
            <langstring xml:lang="x-none">LOMv1.0</langstring>
          </source>
          <value>
            <langstring xml:lang="x-none">yes</langstring>
          </value>
        </copyrightandotherrestrictions>
      </rights>
    </lom>
  </metadata>
  <organizations default="pen_cungnhauontap_ORG">
    <organization identifier="pen_cungnhauontap_ORG">
      <title>pen_cungnhauontap</title>
      <item identifier="TabsIntraction_SCO" isvisible="true" identifierref="__6ob2ztf3eWK_course_id_RES">
        <title>pen_cungnhauontap</title>
      </item>
    </organization>
  </organizations>
  <resources>
    <resource identifier="__6ob2ztf3eWK_course_id_RES" type="webcontent" href="index_lms.html" adlcp:scormtype="sco">
      <file href="story_content/thumbnail.jpg" />
      <file href="story_content/video_6ndgCoMqo0S_18_160_720x406.mp4" />
      <file href="mobile/video_6ndgCoMqo0S_18_160_720x406.jpg" />
      <file href="story_content/video_65DWiWe3uNJ_18_160_722x406.mp4" />
      <file href="mobile/video_65DWiWe3uNJ_18_160_722x406.jpg" />
      <file href="story_content/5pdafRZYCBd_22050_160_0.mp3" />
      <file href="story_content/6AB25zdFVcZ_22050_160_0.mp3" />
      <file href="story_content/6XdlOBNihQ9_22050_160_0.mp3" />
      <file href="story_content/6A9HZ3wuaM4_DX470_DY470.swf" />
      <file href="mobile/6A9HZ3wuaM4_DX470_DY470_CX328_CY352.png" />
      <file href="mobile/6A9HZ3wuaM4_DX470_DY470_CX328_CY352.swf" />
      <file href="story_content/6I9puqkKcLv_DX180_DY180.swf" />
      <file href="mobile/6I9puqkKcLv_DX180_DY180_CX133_CY54.png" />
      <file href="mobile/6I9puqkKcLv_DX180_DY180_CX133_CY54.swf" />
      <file href="story_content/69n3tN7lAj8_DX352_DY352.swf" />
      <file href="mobile/69n3tN7lAj8_DX352_DY352_CX264_CY155.png" />
      <file href="mobile/69n3tN7lAj8_DX352_DY352_CX264_CY155.swf" />
      <file href="story_content/5rM1DmxFO6x_DX350_DY350.swf" />
      <file href="mobile/5rM1DmxFO6x_DX350_DY350_CX261_CY159.png" />
      <file href="mobile/5rM1DmxFO6x_DX350_DY350_CX261_CY159.swf" />
      <file href="story_content/5wOTgm7oDKX_DX352_DY352.swf" />
      <file href="mobile/5wOTgm7oDKX_DX352_DY352_CX264_CY157.png" />
      <file href="mobile/5wOTgm7oDKX_DX352_DY352_CX264_CY157.swf" />
      <file href="story_content/6nMFqSdl7vq_22050_160_0.mp3" />
      <file href="story_content/6UugTLEPD3H_22050_160_0.mp3" />
      <file href="story_content/6ozk17kV7Ft_DX1440_DY1440.jpg" />
      <file href="mobile/6ozk17kV7Ft_DX1440_DY1440_CX720_CY480.jpg" />
      <file href="story_content/61RqzJf4dUK_DX690_DY690.swf" />
      <file href="mobile/61RqzJf4dUK_DX690_DY690_CX207_CY438.png" />
      <file href="mobile/61RqzJf4dUK_DX690_DY690_CX207_CY438.swf" />
      <file href="story_content/5zxQ8Nad9kP_22050_160_0.mp3" />
      <file href="story_content/5nfHJnBuyfz_22050_160_0.mp3" />
      <file href="story_content/6h6xMtl9wIq_DX690_DY690.swf" />
      <file href="mobile/6h6xMtl9wIq_DX690_DY690_CX207_CY438.png" />
      <file href="mobile/6h6xMtl9wIq_DX690_DY690_CX207_CY438.swf" />
      <file href="story_content/6bk8xuvox5S_DX412_DY412.swf" />
      <file href="mobile/6bk8xuvox5S_DX412_DY412_CX309_CY204.png" />
      <file href="mobile/6bk8xuvox5S_DX412_DY412_CX309_CY204.swf" />
      <file href="story_content/6MkruUHEEc9_22050_160_0.mp3" />
      <file href="story_content/video_62qujHHFEy3_18_160_720x406.mp4" />
      <file href="mobile/video_62qujHHFEy3_18_160_720x406.jpg" />
      <file href="meta.xml" />
      <file href="story_content/FontFactory.swf" />
      <file href="story_content/fonts.swf" />
      <file href="story_content/fonts.xml" />
      <file href="story_content/frame.xml" />
      <file href="story_content/frame.json" />
      <file href="story_content/user.js" />
      <file href="mobile/app_store.png" />
      <file href="mobile/mobile_icon.png" />
      <file href="mobile/linen_background.jpg" />
      <file href="story.swf" />
      <file href="story_content/frame.swf" />
      <file href="story_content/slides/6PS7ODQo574.swf" />
      <file href="mobile/slides/6PS7ODQo574.gz" />
      <file href="story_content/slides/6K6HFPO9YVj.swf" />
      <file href="mobile/slides/6K6HFPO9YVj.gz" />
      <file href="story_content/slides/6jBv801z7Py.swf" />
      <file href="mobile/slides/6jBv801z7Py.gz" />
      <file href="story_content/slides/6b8X461ZMro.swf" />
      <file href="mobile/slides/6b8X461ZMro.gz" />
      <file href="story_content/slides/6YW0s2hj1UB.swf" />
      <file href="mobile/slides/6YW0s2hj1UB.gz" />
      <file href="story_content/slides/5xzd3boH7j6.swf" />
      <file href="mobile/slides/5xzd3boH7j6.gz" />
      <file href="story_content/data.swf" />
      <file href="mobile/data.gz" />
      <file href="html5/data/css/output.min.css" />
      <file href="html5/data/js/5xzd3boH7j6.js" />
      <file href="html5/data/js/6b8X461ZMro.js" />
      <file href="html5/data/js/6jBv801z7Py.js" />
      <file href="html5/data/js/6K6HFPO9YVj.js" />
      <file href="html5/data/js/6PS7ODQo574.js" />
      <file href="html5/data/js/6YW0s2hj1UB.js" />
      <file href="html5/data/js/data.js" />
      <file href="html5/data/js/frame.js" />
      <file href="html5/data/js/paths.js" />
      <file href="html5/lib/scripts/app.min.js" />
      <file href="html5/lib/stylesheets/main.min.css" />
      <file href="html5/lib/stylesheets/mobile-fonts/open-sans-bold.woff" />
      <file href="html5/lib/stylesheets/mobile-fonts/open-sans-light.woff" />
      <file href="html5/lib/stylesheets/mobile-fonts/open-sans-regular.woff" />
      <file href="story.html" />
      <file href="story_flash.html" />
      <file href="story_html5.html" />
      <file href="story_content/blank.html" />
      <file href="story_content/story.js" />
      <file href="amplaunch.html" />
      <file href="mobile/mobileinstall.html" />
      <file href="index_lms.html" />
      <file href="index_lms_html5.html" />
      <file href="index_lms_flash.html" />
      <file href="lms/AICCComm.html" />
      <file href="lms/AICCFunctions.js" />
      <file href="lms/API.js" />
      <file href="lms/APIConstants.js" />
      <file href="lms/blank.html" />
      <file href="lms/browsersniff.js" />
      <file href="lms/Configuration.js" />
      <file href="lms/goodbye.html" />
      <file href="lms/lms.js" />
      <file href="lms/LMSAPI.js" />
      <file href="lms/NONEFunctions.js" />
      <file href="lms/SCORM2004Functions.js" />
      <file href="lms/SCORMFunctions.js" />
      <file href="lms/UtilityFunctions.js" />
    </resource>
  </resources>
</manifest>